{"version": 1, "templates": {"u": "s3://noaa-goes16/ABI-L2-SSTF/2020/210/19/OR_ABI-L2-SSTF-M6_G16_s20202101900199_e20202101959506_c20202102005463.nc"}, "refs": {".zgroup": "{\n    \"zarr_format\": 2\n}", ".zattrs": "{\n    \"Conventions\": \"CF-1.7\",\n    \"Metadata_Conventions\": \"Unidata Dataset Discovery v1.0\",\n    \"_FillValue\": -999.0,\n    \"cdm_data_type\": \"Image\",\n    \"cell_methods\": \"quantitative_local_zenith_angle: sum retrieval_solar_zenith_angle: sum t: sum area: standard_deviation (interval: 0.000056 rad comment: good quality pixels only) where sea\",\n    \"coordinates\": \"quantitative_local_zenith_angle retrieval_solar_zenith_angle SST_day_night_emissive_band_ids SST_day_night_emissive_wavelengths t y_image x_image\",\n    \"dataset_name\": \"OR_ABI-L2-SSTF-M6_G16_s20202101900199_e20202101959506_c20202102005463.nc\",\n    \"date_created\": \"2020-07-28T20:05:46.3Z\",\n    \"grid_mapping\": \"goes_imager_projection\",\n    \"id\": \"3c26f58b-da4f-468e-b882-4c45be50b111\",\n    \"institution\": \"DOC/NOAA/NESDIS > U.S. Department of Commerce, National Oceanic and Atmospheric Administration, National Environmental Satellite, Data, and Information Services\",\n    \"instrument_ID\": \"FM1\",\n    \"instrument_type\": \"GOES R Series Advanced Baseline Imager\",\n    \"iso_series_metadata_id\": \"d70be540-c38a-11e0-962b-0800200c9a66\",\n    \"keywords\": \"OCEANS > OCEAN TEMPERATURE > SEA SURFACE TEMPERATURE\",\n    \"keywords_vocabulary\": \"NASA Global Change Master Directory (GCMD) Earth Science Keywords, Version 7.0.0.0.0\",\n    \"license\": \"Unclassified data.  Access is restricted to approved users only.\",\n    \"long_name\": \"standard deviation of the difference of the observed and modeled brightness temperature (Joint Center for Satellite Data Assimilation Community Radiative Transfer Model using temporally interpolated NWP data as input) values for the day and night emissive band central wavelengths used in the generation of the sea surface temperature product\",\n    \"naming_authority\": \"gov.nesdis.noaa\",\n    \"orbital_slot\": \"GOES-East\",\n    \"platform_ID\": \"G16\",\n    \"processing_level\": \"National Aeronautics and Space Administration (NASA) L2\",\n    \"production_data_source\": \"Realtime\",\n    \"production_environment\": \"OE\",\n    \"production_site\": \"NSOF\",\n    \"project\": \"GOES\",\n    \"scene_id\": \"Full Disk\",\n    \"spatial_resolution\": \"2km at nadir\",\n    \"standard_name_vocabulary\": \"CF Standard Name Table (v35, 20 July 2016)\",\n    \"summary\": \"The ABI Sea Surface Temperature (SST) is calculated using a 4-band (8.44, 10.33, 11.19, and 12.27 um) non-linear SST (NLSST) regression equation with coefficients calculated using match-ups with in situ SSTs from drifting and tropical moored buoys. Hence on average, ABI SST is close to in situ (bulk) SST, but its spatial and temporal variations are representative of skin SST (to which ABI BTs are sensitive). One regression equation, and one set of regression coefficients are used across day and night, resulting in consistent and continuous SST diurnal cycle. Note that SST is reported over all water pixels, and only data with quality flag DQF=0 should be used to select clear-sky pixels.\",\n    \"time_coverage_end\": \"2020-07-28T19:59:50.6Z\",\n    \"time_coverage_start\": \"2020-07-28T19:00:19.9Z\",\n    \"timeline_id\": \"ABI Mode 6\",\n    \"title\": \"ABI L2 Sea Surface (Skin) Temperature\",\n    \"units\": \"K\"\n}", "DQF/.zarray": "{\n    \"chunks\": [\n        226,\n        226\n    ],\n    \"compressor\": {\n        \"id\": \"zlib\",\n        \"level\": 1\n    },\n    \"dtype\": \"|i1\",\n    \"fill_value\": -1,\n    \"filters\": null,\n    \"order\": \"C\",\n    \"shape\": [\n        5424,\n        5424\n    ],\n    \"zarr_format\": 2\n}", "DQF/.zattrs": "{\n    \"_ARRAY_DIMENSIONS\": [\n        \"y\",\n        \"x\"\n    ],\n    \"_FillValue\": -1,\n    \"_Netcdf4Dimid\": 0,\n    \"_Unsigned\": \"true\",\n    \"cell_methods\": \"retrieval_local_zenith_angle: point quantitative_local_zenith_angle: point retrieval_solar_zenith_angle: point t: point area: point\",\n    \"coordinates\": \"retrieval_local_zenith_angle quantitative_local_zenith_angle retrieval_solar_zenith_angle t y x\",\n    \"flag_meanings\": \"good_quality_qf degraded_quality_qf severely_degraded_quality_qf invalid_due_to_unprocessed_qf\",\n    \"flag_values\": [\n        0,\n        1,\n        2,\n        3\n    ],\n    \"grid_mapping\": \"goes_imager_projection\",\n    \"long_name\": \"ABI L2+ Sea Surface (Skin) Temperature data quality flags\",\n    \"number_of_qf_values\": 4,\n    \"percent_degraded_quality_qf\": 0.022463200613856316,\n    \"percent_good_quality_qf\": 0.20953920483589172,\n    \"percent_invalid_due_to_unprocessed_qf\": 0.5447990894317627,\n    \"percent_severely_degraded_quality_qf\": 0.4997454881668091,\n    \"standard_name\": \"status_flag\",\n    \"units\": \"1\",\n    \"valid_range\": [\n        0,\n        3\n    ]\n}", "DQF/0.4": ["{{u}}", 26918411, 250], "DQF/0.5": ["{{u}}", 26918661, 250], "DQF/0.6": ["{{u}}", 26917881, 250], "DQF/0.7": ["{{u}}", 26918131, 280], "DQF/0.8": ["{{u}}", 27633804, 1375], "DQF/0.9": ["{{u}}", 27635179, 2905], "DQF/0.10": ["{{u}}", 28022649, 2892], "DQF/0.11": ["{{u}}", 28025541, 3104], "DQF/0.12": ["{{u}}", 26979234, 2590], "DQF/0.13": ["{{u}}", 26981824, 1644], "DQF/0.14": ["{{u}}", 26891915, 1165], "DQF/0.15": ["{{u}}", 26893080, 1374], "DQF/0.16": ["{{u}}", 26877649, 937], "DQF/0.17": ["{{u}}", 26878586, 250], "DQF/0.18": ["{{u}}", 28060694, 250], "DQF/0.19": ["{{u}}", 29890509, 250], "DQF/1.4": ["{{u}}", 27131810, 246], "DQF/1.5": ["{{u}}", 27132056, 819], "DQF/1.6": ["{{u}}", 27094251, 1479], "DQF/1.7": ["{{u}}", 27095730, 792], "DQF/1.8": ["{{u}}", 27638084, 2814], "DQF/1.9": ["{{u}}", 27640898, 2440], "DQF/1.10": ["{{u}}", 27356601, 3378], "DQF/1.11": ["{{u}}", 27359979, 3418], "DQF/1.12": ["{{u}}", 27433611, 2544], "DQF/1.13": ["{{u}}", 27436155, 2776], "DQF/1.14": ["{{u}}", 27045146, 2854], "DQF/1.15": ["{{u}}", 27048000, 945], "DQF/1.16": ["{{u}}", 26974071, 671], "DQF/1.17": ["{{u}}", 26974742, 704], "DQF/1.18": ["{{u}}", 29890759, 821], "DQF/1.19": ["{{u}}", 29891580, 246], "DQF/2.2": ["{{u}}", 27023281, 250], "DQF/2.3": ["{{u}}", 27023531, 250], "DQF/2.4": ["{{u}}", 27235419, 783], "DQF/2.5": ["{{u}}", 27236202, 2417], "DQF/2.6": ["{{u}}", 27713423, 500], "DQF/2.7": ["{{u}}", 27713923, 426], "DQF/2.8": ["{{u}}", 26941532, 541], "DQF/2.9": ["{{u}}", 26942073, 2742], "DQF/2.10": ["{{u}}", 26927104, 4451], "DQF/2.11": ["{{u}}", 26931555, 2198], "DQF/2.12": ["{{u}}", 27787237, 2018], "DQF/2.13": ["{{u}}", 27789255, 3402], "DQF/2.14": ["{{u}}", 27715917, 3193], "DQF/2.15": ["{{u}}", 27719110, 5888], "DQF/2.16": ["{{u}}", 26975446, 3111], "DQF/2.17": ["{{u}}", 26978557, 677], "DQF/2.18": ["{{u}}", 27354500, 981], "DQF/2.19": ["{{u}}", 27355481, 1120], "DQF/2.20": ["{{u}}", 27453790, 250], "DQF/2.21": ["{{u}}", 27454040, 250], "DQF/3.2": ["{{u}}", 27023781, 246], "DQF/3.3": ["{{u}}", 27024027, 854], "DQF/3.4": ["{{u}}", 27238619, 1382], "DQF/3.5": ["{{u}}", 27240001, 830], "DQF/3.6": ["{{u}}", 27714349, 602], "DQF/3.7": ["{{u}}", 27714951, 277], "DQF/3.8": ["{{u}}", 26944815, 298], "DQF/3.9": ["{{u}}", 26945113, 800], "DQF/3.10": ["{{u}}", 26933753, 972], "DQF/3.11": ["{{u}}", 26934725, 1973], "DQF/3.12": ["{{u}}", 27792657, 3115], "DQF/3.13": ["{{u}}", 27795772, 3280], "DQF/3.14": ["{{u}}", 27724998, 3985], "DQF/3.15": ["{{u}}", 27728983, 4227], "DQF/3.16": ["{{u}}", 26894454, 3127], "DQF/3.17": ["{{u}}", 26897581, 3028], "DQF/3.18": ["{{u}}", 27087641, 4323], "DQF/3.19": ["{{u}}", 27091964, 1007], "DQF/3.20": ["{{u}}", 27454290, 1601], "DQF/3.21": ["{{u}}", 27455891, 246], "DQF/4.2": ["{{u}}", 27027497, 815], "DQF/4.3": ["{{u}}", 27028312, 298], "DQF/4.4": ["{{u}}", 27265279, 2203], "DQF/4.5": ["{{u}}", 27267482, 340], "DQF/4.6": ["{{u}}", 27715228, 246], "DQF/4.7": ["{{u}}", 27715474, 443], "DQF/4.8": ["{{u}}", 27048945, 617], "DQF/4.9": ["{{u}}", 27049562, 447], "DQF/4.10": ["{{u}}", 26936698, 1092], "DQF/4.11": ["{{u}}", 26937790, 3742], "DQF/4.12": ["{{u}}", 27799052, 5097], "DQF/4.13": ["{{u}}", 27804149, 3539], "DQF/4.14": ["{{u}}", 27733210, 3326], "DQF/4.15": ["{{u}}", 27736536, 4125], "DQF/4.16": ["{{u}}", 29929373, 3904], "DQF/4.17": ["{{u}}", 29933277, 4041], "DQF/4.18": ["{{u}}", 27888936, 3735], "DQF/4.19": ["{{u}}", 27892671, 6210], "DQF/4.20": ["{{u}}", 27456137, 1455], "DQF/4.21": ["{{u}}", 27457592, 1650], "DQF/5.0": ["{{u}}", 26945913, 249], "DQF/5.1": ["{{u}}", 26946162, 682], "DQF/5.2": ["{{u}}", 27066663, 918], "DQF/5.3": ["{{u}}", 27067581, 607], "DQF/5.4": ["{{u}}", 27267822, 4309], "DQF/5.5": ["{{u}}", 27272131, 787], "DQF/5.6": ["{{u}}", 27935818, 246], "DQF/5.7": ["{{u}}", 27936064, 1550], "DQF/5.8": ["{{u}}", 27050009, 3308], "DQF/5.9": ["{{u}}", 27053317, 4290], "DQF/5.10": ["{{u}}", 27285928, 4768], "DQF/5.11": ["{{u}}", 27290696, 5114], "DQF/5.12": ["{{u}}", 28028645, 5061], "DQF/5.13": ["{{u}}", 28033706, 2952], "DQF/5.14": ["{{u}}", 26909371, 3906], "DQF/5.15": ["{{u}}", 26913277, 4604], "DQF/5.16": ["{{u}}", 29937318, 4269], "DQF/5.17": ["{{u}}", 29941587, 5144], "DQF/5.18": ["{{u}}", 27898881, 3749], "DQF/5.19": ["{{u}}", 27902630, 5784], "DQF/5.20": ["{{u}}", 27877702, 5284], "DQF/5.21": ["{{u}}", 27882986, 1887], "DQF/5.22": ["{{u}}", 28036658, 249], "DQF/5.23": ["{{u}}", 28036907, 249], "DQF/6.0": ["{{u}}", 27781614, 246], "DQF/6.1": ["{{u}}", 27781860, 814], "DQF/6.2": ["{{u}}", 30010169, 473], "DQF/6.3": ["{{u}}", 30010642, 1859], "DQF/6.4": ["{{u}}", 27305994, 4368], "DQF/6.5": ["{{u}}", 27310362, 1942], "DQF/6.6": ["{{u}}", 29914078, 246], "DQF/6.7": ["{{u}}", 29916940, 1464], "DQF/6.8": ["{{u}}", 30045586, 4055], "DQF/6.9": ["{{u}}", 30049641, 3493], "DQF/6.10": ["{{u}}", 27295810, 4219], "DQF/6.11": ["{{u}}", 27300029, 5965], "DQF/6.12": ["{{u}}", 29963920, 4752], "DQF/6.13": ["{{u}}", 29968672, 4644], "DQF/6.14": ["{{u}}", 27847746, 4544], "DQF/6.15": ["{{u}}", 27852290, 1728], "DQF/6.16": ["{{u}}", 27096522, 3281], "DQF/6.17": ["{{u}}", 27099803, 4747], "DQF/6.18": ["{{u}}", 27364685, 5832], "DQF/6.19": ["{{u}}", 27370517, 5926], "DQF/6.20": ["{{u}}", 27884873, 2358], "DQF/6.21": ["{{u}}", 27887231, 1068], "DQF/6.22": ["{{u}}", 28037156, 504], "DQF/6.23": ["{{u}}", 28037660, 246], "DQF/7.0": ["{{u}}", 27782674, 1048], "DQF/7.1": ["{{u}}", 27783722, 1208], "DQF/7.2": ["{{u}}", 30012501, 1741], "DQF/7.3": ["{{u}}", 30014242, 2426], "DQF/7.4": ["{{u}}", 27740661, 5348], "DQF/7.5": ["{{u}}", 27746009, 3981], "DQF/7.6": ["{{u}}", 29918404, 671], "DQF/7.7": ["{{u}}", 29919075, 1331], "DQF/7.8": ["{{u}}", 30053134, 1825], "DQF/7.9": ["{{u}}", 30054959, 4722], "DQF/7.10": ["{{u}}", 27397486, 3955], "DQF/7.11": ["{{u}}", 27401441, 3513], "DQF/7.12": ["{{u}}", 29973316, 3938], "DQF/7.13": ["{{u}}", 29977254, 3973], "DQF/7.14": ["{{u}}", 27854018, 4873], "DQF/7.15": ["{{u}}", 27858891, 733], "DQF/7.16": ["{{u}}", 27943075, 4449], "DQF/7.17": ["{{u}}", 27947524, 3564], "DQF/7.18": ["{{u}}", 27208320, 3735], "DQF/7.19": ["{{u}}", 27212055, 3969], "DQF/7.20": ["{{u}}", 27393223, 302], "DQF/7.21": ["{{u}}", 27393525, 1018], "DQF/7.22": ["{{u}}", 27040942, 1342], "DQF/7.23": ["{{u}}", 27042284, 246], "DQF/8.0": ["{{u}}", 27474695, 1665], "DQF/8.1": ["{{u}}", 27476360, 3290], "DQF/8.2": ["{{u}}", 29905908, 4461], "DQF/8.3": ["{{u}}", 29910369, 2597], "DQF/8.4": ["{{u}}", 27749990, 5084], "DQF/8.5": ["{{u}}", 27755074, 3260], "DQF/8.6": ["{{u}}", 27153692, 3473], "DQF/8.7": ["{{u}}", 27157165, 4929], "DQF/8.8": ["{{u}}", 27937614, 2444], "DQF/8.9": ["{{u}}", 27940058, 1936], "DQF/8.10": ["{{u}}", 27404954, 3548], "DQF/8.11": ["{{u}}", 27408502, 2775], "DQF/8.12": ["{{u}}", 30059681, 3458], "DQF/8.13": ["{{u}}", 30063139, 2913], "DQF/8.14": ["{{u}}", 27498258, 3439], "DQF/8.15": ["{{u}}", 27501697, 948], "DQF/8.16": ["{{u}}", 27951088, 246], "DQF/8.17": ["{{u}}", 27951334, 455], "DQF/8.18": ["{{u}}", 27216024, 2367], "DQF/8.19": ["{{u}}", 27218391, 809], "DQF/8.20": ["{{u}}", 27394543, 249], "DQF/8.21": ["{{u}}", 27394792, 2694], "DQF/8.22": ["{{u}}", 27709424, 1930], "DQF/8.23": ["{{u}}", 27711354, 258], "DQF/9.0": ["{{u}}", 27482266, 1582], "DQF/9.1": ["{{u}}", 27483848, 1144], "DQF/9.2": ["{{u}}", 27068188, 333], "DQF/9.3": ["{{u}}", 27068521, 1140], "DQF/9.4": ["{{u}}", 27222308, 8317], "DQF/9.5": ["{{u}}", 27230625, 4794], "DQF/9.6": ["{{u}}", 29981227, 4642], "DQF/9.7": ["{{u}}", 29985869, 5830], "DQF/9.8": ["{{u}}", 27104550, 3585], "DQF/9.9": ["{{u}}", 27108135, 3855], "DQF/9.10": ["{{u}}", 27057607, 2911], "DQF/9.11": ["{{u}}", 27060518, 3949], "DQF/9.12": ["{{u}}", 30066052, 2166], "DQF/9.13": ["{{u}}", 30068218, 2312], "DQF/9.14": ["{{u}}", 27502645, 1723], "DQF/9.15": ["{{u}}", 27504368, 1533], "DQF/9.16": ["{{u}}", 27257910, 3756], "DQF/9.17": ["{{u}}", 27261666, 3613], "DQF/9.18": ["{{u}}", 27163282, 4266], "DQF/9.19": ["{{u}}", 27167548, 246], "DQF/9.20": ["{{u}}", 27221816, 246], "DQF/9.21": ["{{u}}", 27222062, 246], "DQF/9.22": ["{{u}}", 27711612, 1352], "DQF/9.23": ["{{u}}", 27712964, 459], "DQF/10.0": ["{{u}}", 27432400, 766], "DQF/10.1": ["{{u}}", 27433166, 445], "DQF/10.2": ["{{u}}", 27069661, 2314], "DQF/10.3": ["{{u}}", 27071975, 6561], "DQF/10.4": ["{{u}}", 27339218, 8483], "DQF/10.5": ["{{u}}", 27347701, 6799], "DQF/10.6": ["{{u}}", 29991699, 5527], "DQF/10.7": ["{{u}}", 29997226, 4791], "DQF/10.8": ["{{u}}", 26955535, 4026], "DQF/10.9": ["{{u}}", 26959561, 4474], "DQF/10.10": ["{{u}}", 27111990, 5725], "DQF/10.11": ["{{u}}", 27117715, 4000], "DQF/10.12": ["{{u}}", 27941994, 271], "DQF/10.13": ["{{u}}", 27942265, 304], "DQF/10.14": ["{{u}}", 27913164, 516], "DQF/10.15": ["{{u}}", 27913680, 957], "DQF/10.16": ["{{u}}", 26991244, 3033], "DQF/10.17": ["{{u}}", 26994277, 3307], "DQF/10.18": ["{{u}}", 27167794, 5664], "DQF/10.19": ["{{u}}", 27173458, 504], "DQF/10.20": ["{{u}}", 28059266, 246], "DQF/10.21": ["{{u}}", 28059512, 246], "DQF/10.22": ["{{u}}", 27064467, 252], "DQF/10.23": ["{{u}}", 27064719, 1944], "DQF/11.0": ["{{u}}", 27866436, 766], "DQF/11.1": ["{{u}}", 27867202, 4552], "DQF/11.2": ["{{u}}", 26878836, 2650], "DQF/11.3": ["{{u}}", 26881486, 5215], "DQF/11.4": ["{{u}}", 27758334, 6568], "DQF/11.5": ["{{u}}", 27764902, 6628], "DQF/11.6": ["{{u}}", 27915129, 3084], "DQF/11.7": ["{{u}}", 27918213, 5143], "DQF/11.8": ["{{u}}", 27585036, 4154], "DQF/11.9": ["{{u}}", 27589190, 7313], "DQF/11.10": ["{{u}}", 27121715, 5023], "DQF/11.11": ["{{u}}", 27126738, 1971], "DQF/11.12": ["{{u}}", 27942569, 246], "DQF/11.13": ["{{u}}", 27942815, 260], "DQF/11.14": ["{{u}}", 27914637, 246], "DQF/11.15": ["{{u}}", 27914883, 246], "DQF/11.16": ["{{u}}", 27128709, 246], "DQF/11.17": ["{{u}}", 27128955, 2855], "DQF/11.18": ["{{u}}", 27078536, 5240], "DQF/11.19": ["{{u}}", 27083776, 3865], "DQF/11.20": ["{{u}}", 29844517, 1325], "DQF/11.21": ["{{u}}", 29845842, 4374], "DQF/11.22": ["{{u}}", 29893506, 5323], "DQF/11.23": ["{{u}}", 29898829, 707], "DQF/12.0": ["{{u}}", 27871754, 853], "DQF/12.1": ["{{u}}", 27872607, 5095], "DQF/12.2": ["{{u}}", 29850216, 5141], "DQF/12.3": ["{{u}}", 29855357, 5018], "DQF/12.4": ["{{u}}", 27771530, 4427], "DQF/12.5": ["{{u}}", 27775957, 5657], "DQF/12.6": ["{{u}}", 27596503, 5832], "DQF/12.7": ["{{u}}", 27602335, 6018], "DQF/12.8": ["{{u}}", 27677811, 6125], "DQF/12.9": ["{{u}}", 27683936, 2778], "DQF/12.10": ["{{u}}", 29920406, 3080], "DQF/12.11": ["{{u}}", 29923486, 246], "DQF/12.12": ["{{u}}", 27610230, 316], "DQF/12.13": ["{{u}}", 27610546, 467], "DQF/12.14": ["{{u}}", 27608353, 837], "DQF/12.15": ["{{u}}", 27609190, 1040], "DQF/12.16": ["{{u}}", 27459242, 1412], "DQF/12.17": ["{{u}}", 27460654, 1667], "DQF/12.18": ["{{u}}", 26886701, 2085], "DQF/12.19": ["{{u}}", 26888786, 2215], "DQF/12.20": ["{{u}}", 27505901, 6143], "DQF/12.21": ["{{u}}", 27512044, 7057], "DQF/12.22": ["{{u}}", 29899536, 5641], "DQF/12.23": ["{{u}}", 29905177, 731], "DQF/13.0": ["{{u}}", 26871281, 804], "DQF/13.1": ["{{u}}", 26872085, 5564], "DQF/13.2": ["{{u}}", 29860375, 6248], "DQF/13.3": ["{{u}}", 29866623, 6618], "DQF/13.4": ["{{u}}", 26998874, 7011], "DQF/13.5": ["{{u}}", 27005885, 7246], "DQF/13.6": ["{{u}}", 27411277, 5436], "DQF/13.7": ["{{u}}", 27416713, 2573], "DQF/13.8": ["{{u}}", 27686714, 1091], "DQF/13.9": ["{{u}}", 27687805, 527], "DQF/13.10": ["{{u}}", 29923732, 2970], "DQF/13.11": ["{{u}}", 29926702, 272], "DQF/13.12": ["{{u}}", 27611013, 252], "DQF/13.13": ["{{u}}", 27611265, 262], "DQF/13.14": ["{{u}}", 27162094, 317], "DQF/13.15": ["{{u}}", 27162411, 351], "DQF/13.16": ["{{u}}", 27462321, 282], "DQF/13.17": ["{{u}}", 27462603, 499], "DQF/13.18": ["{{u}}", 26861031, 295], "DQF/13.19": ["{{u}}", 26861326, 266], "DQF/13.20": ["{{u}}", 27519101, 3889], "DQF/13.21": ["{{u}}", 27522990, 8017], "DQF/13.22": ["{{u}}", 27807688, 7084], "DQF/13.23": ["{{u}}", 27817388, 712], "DQF/14.0": ["{{u}}", 26983468, 1694], "DQF/14.1": ["{{u}}", 26985162, 6082], "DQF/14.2": ["{{u}}", 29873241, 8717], "DQF/14.3": ["{{u}}", 29881958, 5935], "DQF/14.4": ["{{u}}", 27240831, 7970], "DQF/14.5": ["{{u}}", 27248801, 9109], "DQF/14.6": ["{{u}}", 27419286, 7977], "DQF/14.7": ["{{u}}", 27427263, 5137], "DQF/14.8": ["{{u}}", 27951789, 5224], "DQF/14.9": ["{{u}}", 27957013, 2658], "DQF/14.10": ["{{u}}", 29926974, 494], "DQF/14.11": ["{{u}}", 29927468, 1905], "DQF/14.12": ["{{u}}", 27784930, 246], "DQF/14.13": ["{{u}}", 27785176, 246], "DQF/14.14": ["{{u}}", 27162762, 274], "DQF/14.15": ["{{u}}", 27163036, 246], "DQF/14.16": ["{{u}}", 27463102, 246], "DQF/14.17": ["{{u}}", 27463348, 257], "DQF/14.18": ["{{u}}", 26891001, 246], "DQF/14.19": ["{{u}}", 26891247, 668], "DQF/14.20": ["{{u}}", 27531007, 5055], "DQF/14.21": ["{{u}}", 27536062, 9907], "DQF/14.22": ["{{u}}", 27818100, 6884], "DQF/14.23": ["{{u}}", 27824984, 1592], "DQF/15.0": ["{{u}}", 28012298, 1976], "DQF/15.1": ["{{u}}", 28014274, 4916], "DQF/15.2": ["{{u}}", 27192347, 8016], "DQF/15.3": ["{{u}}", 27200363, 7957], "DQF/15.4": ["{{u}}", 27565904, 8563], "DQF/15.5": ["{{u}}", 27574467, 9445], "DQF/15.6": ["{{u}}", 27312304, 6002], "DQF/15.7": ["{{u}}", 27318306, 863], "DQF/15.8": ["{{u}}", 28037906, 3853], "DQF/15.9": ["{{u}}", 28041759, 1951], "DQF/15.10": ["{{u}}", 27611527, 639], "DQF/15.11": ["{{u}}", 27612166, 1806], "DQF/15.12": ["{{u}}", 27785422, 931], "DQF/15.13": ["{{u}}", 27786353, 884], "DQF/15.14": ["{{u}}", 27888299, 371], "DQF/15.15": ["{{u}}", 27888670, 266], "DQF/15.16": ["{{u}}", 27463605, 246], "DQF/15.17": ["{{u}}", 27463851, 246], "DQF/15.18": ["{{u}}", 27859624, 246], "DQF/15.19": ["{{u}}", 27859870, 2132], "DQF/15.20": ["{{u}}", 27438931, 5463], "DQF/15.21": ["{{u}}", 27444394, 9396], "DQF/15.22": ["{{u}}", 27467019, 6014], "DQF/15.23": ["{{u}}", 27473033, 1662], "DQF/16.0": ["{{u}}", 28019190, 1316], "DQF/16.1": ["{{u}}", 28020506, 2143], "DQF/16.2": ["{{u}}", 30093735, 10214], "DQF/16.3": ["{{u}}", 30103949, 9066], "DQF/16.4": ["{{u}}", 30016668, 9094], "DQF/16.5": ["{{u}}", 30025762, 8758], "DQF/16.6": ["{{u}}", 27319169, 9042], "DQF/16.7": ["{{u}}", 27328211, 1977], "DQF/16.8": ["{{u}}", 28043710, 1939], "DQF/16.9": ["{{u}}", 28045649, 5491], "DQF/16.10": ["{{u}}", 27613972, 10597], "DQF/16.11": ["{{u}}", 27624569, 9235], "DQF/16.12": ["{{u}}", 30002017, 3570], "DQF/16.13": ["{{u}}", 30005587, 1409], "DQF/16.14": ["{{u}}", 29912966, 253], "DQF/16.15": ["{{u}}", 29913219, 323], "DQF/16.16": ["{{u}}", 27688332, 246], "DQF/16.17": ["{{u}}", 27688578, 650], "DQF/16.18": ["{{u}}", 27862002, 410], "DQF/16.19": ["{{u}}", 27862412, 4024], "DQF/16.20": ["{{u}}", 27643338, 8865], "DQF/16.21": ["{{u}}", 27652203, 10774], "DQF/16.22": ["{{u}}", 27908414, 1672], "DQF/16.23": ["{{u}}", 27910086, 1294], "DQF/17.0": ["{{u}}", 27464097, 246], "DQF/17.1": ["{{u}}", 27464343, 1573], "DQF/17.2": ["{{u}}", 30113015, 3056], "DQF/17.3": ["{{u}}", 30116071, 5354], "DQF/17.4": ["{{u}}", 30034520, 4830], "DQF/17.5": ["{{u}}", 30039350, 6236], "DQF/17.6": ["{{u}}", 27983117, 6509], "DQF/17.7": ["{{u}}", 27989626, 6226], "DQF/17.8": ["{{u}}", 27144464, 5678], "DQF/17.9": ["{{u}}", 27150142, 3550], "DQF/17.10": ["{{u}}", 26861592, 8270], "DQF/17.11": ["{{u}}", 26869862, 1419], "DQF/17.12": ["{{u}}", 30006996, 2330], "DQF/17.13": ["{{u}}", 30009326, 843], "DQF/17.14": ["{{u}}", 29913542, 277], "DQF/17.15": ["{{u}}", 29913819, 259], "DQF/17.16": ["{{u}}", 27689228, 603], "DQF/17.17": ["{{u}}", 27689831, 1834], "DQF/17.18": ["{{u}}", 26900609, 2908], "DQF/17.19": ["{{u}}", 26903517, 5854], "DQF/17.20": ["{{u}}", 27662977, 7466], "DQF/17.21": ["{{u}}", 27670443, 7368], "DQF/17.22": ["{{u}}", 27911380, 1538], "DQF/17.23": ["{{u}}", 27912918, 246], "DQF/18.0": ["{{u}}", 27465916, 246], "DQF/18.1": ["{{u}}", 27466162, 857], "DQF/18.2": ["{{u}}", 27330188, 791], "DQF/18.3": ["{{u}}", 27330979, 4808], "DQF/18.4": ["{{u}}", 27959671, 7685], "DQF/18.5": ["{{u}}", 27967356, 6982], "DQF/18.6": ["{{u}}", 27995852, 5875], "DQF/18.7": ["{{u}}", 28004343, 5014], "DQF/18.8": ["{{u}}", 26946844, 4762], "DQF/18.9": ["{{u}}", 26951606, 3929], "DQF/18.10": ["{{u}}", 27484992, 2639], "DQF/18.11": ["{{u}}", 27487631, 2689], "DQF/18.12": ["{{u}}", 28054060, 2344], "DQF/18.13": ["{{u}}", 28059020, 246], "DQF/18.14": ["{{u}}", 27583912, 493], "DQF/18.15": ["{{u}}", 27584405, 631], "DQF/18.16": ["{{u}}", 27924980, 1075], "DQF/18.17": ["{{u}}", 27926055, 1674], "DQF/18.18": ["{{u}}", 29948694, 4595], "DQF/18.19": ["{{u}}", 29953289, 5075], "DQF/18.20": ["{{u}}", 26967023, 6088], "DQF/18.21": ["{{u}}", 26973111, 960], "DQF/18.22": ["{{u}}", 27272918, 599], "DQF/18.23": ["{{u}}", 27273517, 246], "DQF/19.0": ["{{u}}", 27022781, 250], "DQF/19.1": ["{{u}}", 27023031, 250], "DQF/19.2": ["{{u}}", 29891826, 1353], "DQF/19.3": ["{{u}}", 29893179, 327], "DQF/19.4": ["{{u}}", 27974338, 2519], "DQF/19.5": ["{{u}}", 27976857, 5530], "DQF/19.6": ["{{u}}", 27691665, 9444], "DQF/19.7": ["{{u}}", 27701109, 8315], "DQF/19.8": ["{{u}}", 27173962, 5314], "DQF/19.9": ["{{u}}", 27179276, 3056], "DQF/19.10": ["{{u}}", 27490320, 4119], "DQF/19.11": ["{{u}}", 27494439, 3819], "DQF/19.12": ["{{u}}", 27563212, 2423], "DQF/19.13": ["{{u}}", 27565635, 269], "DQF/19.14": ["{{u}}", 27559898, 507], "DQF/19.15": ["{{u}}", 27560405, 2807], "DQF/19.16": ["{{u}}", 27927729, 6112], "DQF/19.17": ["{{u}}", 27933841, 1977], "DQF/19.18": ["{{u}}", 29958364, 990], "DQF/19.19": ["{{u}}", 29959354, 4566], "DQF/19.20": ["{{u}}", 27092971, 490], "DQF/19.21": ["{{u}}", 27093461, 790], "DQF/19.22": ["{{u}}", 27273763, 250], "DQF/19.23": ["{{u}}", 27276629, 250], "DQF/20.2": ["{{u}}", 29946731, 246], "DQF/20.3": ["{{u}}", 29946977, 1217], "DQF/20.4": ["{{u}}", 28009357, 296], "DQF/20.5": ["{{u}}", 28009653, 1352], "DQF/20.6": ["{{u}}", 27376443, 10210], "DQF/20.7": ["{{u}}", 27386653, 6570], "DQF/20.8": ["{{u}}", 27182332, 2624], "DQF/20.9": ["{{u}}", 27184956, 7391], "DQF/20.10": ["{{u}}", 27013131, 2899], "DQF/20.11": ["{{u}}", 27021262, 1519], "DQF/20.12": ["{{u}}", 27545969, 3368], "DQF/20.13": ["{{u}}", 27549337, 895], "DQF/20.14": ["{{u}}", 30070530, 3851], "DQF/20.15": ["{{u}}", 30074381, 5380], "DQF/20.16": ["{{u}}", 27028610, 4568], "DQF/20.17": ["{{u}}", 27033178, 7764], "DQF/20.18": ["{{u}}", 28052257, 246], "DQF/20.19": ["{{u}}", 28052503, 297], "DQF/20.20": ["{{u}}", 27923356, 878], "DQF/20.21": ["{{u}}", 27924234, 246], "DQF/21.2": ["{{u}}", 29948194, 250], "DQF/21.3": ["{{u}}", 29948444, 250], "DQF/21.4": ["{{u}}", 28011005, 784], "DQF/21.5": ["{{u}}", 28011789, 509], "DQF/21.6": ["{{u}}", 27276879, 4580], "DQF/21.7": ["{{u}}", 27281459, 3338], "DQF/21.8": ["{{u}}", 27826576, 2935], "DQF/21.9": ["{{u}}", 27829511, 2288], "DQF/21.10": ["{{u}}", 27835003, 3385], "DQF/21.11": ["{{u}}", 27838388, 5734], "DQF/21.12": ["{{u}}", 27550232, 3056], "DQF/21.13": ["{{u}}", 27555904, 3994], "DQF/21.14": ["{{u}}", 30079761, 8259], "DQF/21.15": ["{{u}}", 30088020, 5715], "DQF/21.16": ["{{u}}", 27132875, 4662], "DQF/21.17": ["{{u}}", 27137537, 4200], "DQF/21.18": ["{{u}}", 28052800, 476], "DQF/21.19": ["{{u}}", 28053276, 784], "DQF/21.20": ["{{u}}", 27924480, 250], "DQF/21.21": ["{{u}}", 27924730, 250], "DQF/22.4": ["{{u}}", 26997584, 246], "DQF/22.5": ["{{u}}", 26997830, 548], "DQF/22.6": ["{{u}}", 27284797, 650], "DQF/22.7": ["{{u}}", 27285447, 481], "DQF/22.8": ["{{u}}", 27831799, 940], "DQF/22.9": ["{{u}}", 27832739, 1120], "DQF/22.10": ["{{u}}", 27844122, 1042], "DQF/22.11": ["{{u}}", 27845164, 1308], "DQF/22.12": ["{{u}}", 26918911, 3552], "DQF/22.13": ["{{u}}", 26922463, 4641], "DQF/22.14": ["{{u}}", 27335787, 2341], "DQF/22.15": ["{{u}}", 27338128, 1090], "DQF/22.16": ["{{u}}", 27141737, 1135], "DQF/22.17": ["{{u}}", 27142872, 861], "DQF/22.18": ["{{u}}", 27363397, 546], "DQF/22.19": ["{{u}}", 27363943, 246], "DQF/23.4": ["{{u}}", 26998378, 248], "DQF/23.5": ["{{u}}", 26998626, 248], "DQF/23.6": ["{{u}}", 27982387, 246], "DQF/23.7": ["{{u}}", 27982633, 484], "DQF/23.8": ["{{u}}", 27833859, 549], "DQF/23.9": ["{{u}}", 27834408, 595], "DQF/23.10": ["{{u}}", 27846472, 667], "DQF/23.11": ["{{u}}", 27847139, 607], "DQF/23.12": ["{{u}}", 26964035, 1614], "DQF/23.13": ["{{u}}", 26965649, 1374], "DQF/23.14": ["{{u}}", 28051140, 541], "DQF/23.15": ["{{u}}", 28051681, 576], "DQF/23.16": ["{{u}}", 27143733, 485], "DQF/23.17": ["{{u}}", 27144218, 246], "DQF/23.18": ["{{u}}", 27364189, 248], "DQF/23.19": ["{{u}}", 27364437, 248], "SST/.zarray": "{\n    \"chunks\": [\n        226,\n        226\n    ],\n    \"compressor\": {\n        \"id\": \"zlib\",\n        \"level\": 1\n    },\n    \"dtype\": \"<i2\",\n    \"fill_value\": -1,\n    \"filters\": null,\n    \"order\": \"C\",\n    \"shape\": [\n        5424,\n        5424\n    ],\n    \"zarr_format\": 2\n}", "SST/.zattrs": "{\n    \"_ARRAY_DIMENSIONS\": [\n        \"y\",\n        \"x\"\n    ],\n    \"_FillValue\": -1,\n    \"_Netcdf4Dimid\": 0,\n    \"_Unsigned\": \"true\",\n    \"add_offset\": 180.0,\n    \"algorithm_type\": \"regression\",\n    \"ancillary_variables\": \"DQF\",\n    \"cell_methods\": \"retrieval_local_zenith_angle: point (good or degraded quality pixel produced) quantitative_local_zenith_angle: point (good quality pixel produced) retrieval_solar_zenith_angle: point (good quality pixel produced) t: point area: point\",\n    \"coordinates\": \"retrieval_local_zenith_angle quantitative_local_zenith_angle retrieval_solar_zenith_angle t y x\",\n    \"grid_mapping\": \"goes_imager_projection\",\n    \"long_name\": \"ABI L2+ Sea Surface (Skin) Temperature\",\n    \"resolution\": \"y: 0.000056 rad x: 0.000056 rad\",\n    \"scale_factor\": 0.0024416300002485514,\n    \"standard_name\": \"sea_surface_skin_temperature\",\n    \"units\": \"K\",\n    \"valid_range\": [\n        0,\n        -6\n    ]\n}", "SST/0.4": ["{{u}}", 4292681, 468], "SST/0.5": ["{{u}}", 4293149, 468], "SST/0.6": ["{{u}}", 24040042, 468], "SST/0.7": ["{{u}}", 24040510, 517], "SST/0.8": ["{{u}}", 25040997, 6777], "SST/0.9": ["{{u}}", 25047774, 13257], "SST/0.10": ["{{u}}", 29675880, 42340], "SST/0.11": ["{{u}}", 29718220, 50039], "SST/0.12": ["{{u}}", 12770823, 41160], "SST/0.13": ["{{u}}", 12811983, 57138], "SST/0.14": ["{{u}}", 1826045, 19309], "SST/0.15": ["{{u}}", 1845354, 33718], "SST/0.16": ["{{u}}", 28492569, 7840], "SST/0.17": ["{{u}}", 28500409, 468], "SST/0.18": ["{{u}}", 9394174, 468], "SST/0.19": ["{{u}}", 9394642, 468], "SST/1.4": ["{{u}}", 4293617, 468], "SST/1.5": ["{{u}}", 4294085, 9704], "SST/1.6": ["{{u}}", 24041027, 6271], "SST/1.7": ["{{u}}", 24047298, 1778], "SST/1.8": ["{{u}}", 25061031, 11739], "SST/1.9": ["{{u}}", 25072770, 8127], "SST/1.10": ["{{u}}", 29768259, 29594], "SST/1.11": ["{{u}}", 29797853, 44776], "SST/1.12": ["{{u}}", 26851207, 7208], "SST/1.13": ["{{u}}", 28063425, 22128], "SST/1.14": ["{{u}}", 18002699, 67587], "SST/1.15": ["{{u}}", 18070286, 93842], "SST/1.16": ["{{u}}", 28500877, 88890], "SST/1.17": ["{{u}}", 28589767, 61020], "SST/1.18": ["{{u}}", 9395110, 11047], "SST/1.19": ["{{u}}", 9406157, 468], "SST/2.2": ["{{u}}", 17834349, 468], "SST/2.3": ["{{u}}", 17834817, 468], "SST/2.4": ["{{u}}", 11632042, 34378], "SST/2.5": ["{{u}}", 11666420, 50179], "SST/2.6": ["{{u}}", 9045340, 1022], "SST/2.7": ["{{u}}", 9046362, 895], "SST/2.8": ["{{u}}", 3456411, 1195], "SST/2.9": ["{{u}}", 3457606, 14436], "SST/2.10": ["{{u}}", 28650787, 32308], "SST/2.11": ["{{u}}", 28683095, 10553], "SST/2.12": ["{{u}}", 28085553, 8485], "SST/2.13": ["{{u}}", 28094038, 47285], "SST/2.14": ["{{u}}", 18164128, 69161], "SST/2.15": ["{{u}}", 18233289, 81785], "SST/2.16": ["{{u}}", 24528108, 88266], "SST/2.17": ["{{u}}", 24616374, 93525], "SST/2.18": ["{{u}}", 4873572, 89986], "SST/2.19": ["{{u}}", 4963558, 32155], "SST/2.20": ["{{u}}", 25710346, 468], "SST/2.21": ["{{u}}", 25710814, 468], "SST/3.2": ["{{u}}", 17835285, 468], "SST/3.3": ["{{u}}", 17835753, 43078], "SST/3.4": ["{{u}}", 11716599, 64941], "SST/3.5": ["{{u}}", 11781540, 3184], "SST/3.6": ["{{u}}", 6439542, 1514], "SST/3.7": ["{{u}}", 6441056, 519], "SST/3.8": ["{{u}}", 3472042, 561], "SST/3.9": ["{{u}}", 3472603, 3072], "SST/3.10": ["{{u}}", 13570062, 5294], "SST/3.11": ["{{u}}", 13575356, 9588], "SST/3.12": ["{{u}}", 1322512, 64702], "SST/3.13": ["{{u}}", 1387214, 79154], "SST/3.14": ["{{u}}", 8216631, 81559], "SST/3.15": ["{{u}}", 8298190, 78568], "SST/3.16": ["{{u}}", 24709899, 83392], "SST/3.17": ["{{u}}", 24793291, 90078], "SST/3.18": ["{{u}}", 4995713, 90666], "SST/3.19": ["{{u}}", 5086379, 79249], "SST/3.20": ["{{u}}", 25711282, 31826], "SST/3.21": ["{{u}}", 25743108, 468], "SST/4.2": ["{{u}}", 17878831, 32618], "SST/4.3": ["{{u}}", 17911449, 85102], "SST/4.4": ["{{u}}", 11784724, 39261], "SST/4.5": ["{{u}}", 11823985, 673], "SST/4.6": ["{{u}}", 6441575, 468], "SST/4.7": ["{{u}}", 6442043, 906], "SST/4.8": ["{{u}}", 19643280, 1243], "SST/4.9": ["{{u}}", 19644523, 867], "SST/4.10": ["{{u}}", 13584944, 7187], "SST/4.11": ["{{u}}", 13592131, 59830], "SST/4.12": ["{{u}}", 1466368, 87473], "SST/4.13": ["{{u}}", 1553841, 80380], "SST/4.14": ["{{u}}", 8376758, 86810], "SST/4.15": ["{{u}}", 8463568, 78340], "SST/4.16": ["{{u}}", 24883369, 79274], "SST/4.17": ["{{u}}", 24962643, 78354], "SST/4.18": ["{{u}}", 18316129, 74182], "SST/4.19": ["{{u}}", 18390311, 82020], "SST/4.20": ["{{u}}", 25743576, 79011], "SST/4.21": ["{{u}}", 25822587, 22907], "SST/5.0": ["{{u}}", 24393652, 468], "SST/5.1": ["{{u}}", 24394120, 11861], "SST/5.2": ["{{u}}", 17372845, 85010], "SST/5.3": ["{{u}}", 17457855, 77993], "SST/5.4": ["{{u}}", 14553348, 63621], "SST/5.5": ["{{u}}", 14616969, 4166], "SST/5.6": ["{{u}}", 23694488, 468], "SST/5.7": ["{{u}}", 23694956, 29426], "SST/5.8": ["{{u}}", 19645390, 65955], "SST/5.9": ["{{u}}", 19713961, 77731], "SST/5.10": ["{{u}}", 7626602, 48633], "SST/5.11": ["{{u}}", 7675235, 90879], "SST/5.12": ["{{u}}", 3987961, 83021], "SST/5.13": ["{{u}}", 4070982, 71456], "SST/5.14": ["{{u}}", 11824658, 74492], "SST/5.15": ["{{u}}", 11899150, 74192], "SST/5.16": ["{{u}}", 16270674, 76210], "SST/5.17": ["{{u}}", 16346884, 74647], "SST/5.18": ["{{u}}", 18472331, 76032], "SST/5.19": ["{{u}}", 18548363, 80171], "SST/5.20": ["{{u}}", 4145054, 84087], "SST/5.21": ["{{u}}", 4229141, 63540], "SST/5.22": ["{{u}}", 7108795, 468], "SST/5.23": ["{{u}}", 7109263, 468], "SST/6.0": ["{{u}}", 24405981, 468], "SST/6.1": ["{{u}}", 24406449, 60968], "SST/6.2": ["{{u}}", 3132952, 83906], "SST/6.3": ["{{u}}", 3216858, 84216], "SST/6.4": ["{{u}}", 14621135, 75831], "SST/6.5": ["{{u}}", 14696966, 41305], "SST/6.6": ["{{u}}", 23724382, 468], "SST/6.7": ["{{u}}", 23724850, 78339], "SST/6.8": ["{{u}}", 6617701, 87666], "SST/6.9": ["{{u}}", 6705367, 73466], "SST/6.10": ["{{u}}", 4745163, 58396], "SST/6.11": ["{{u}}", 4803559, 70013], "SST/6.12": ["{{u}}", 7273064, 75817], "SST/6.13": ["{{u}}", 7348881, 77570], "SST/6.14": ["{{u}}", 21904191, 76184], "SST/6.15": ["{{u}}", 21980375, 79408], "SST/6.16": ["{{u}}", 3301074, 79488], "SST/6.17": ["{{u}}", 3380562, 75849], "SST/6.18": ["{{u}}", 29048594, 79619], "SST/6.19": ["{{u}}", 29128213, 79197], "SST/6.20": ["{{u}}", 20501735, 82628], "SST/6.21": ["{{u}}", 20584363, 82745], "SST/6.22": ["{{u}}", 7109731, 2175], "SST/6.23": ["{{u}}", 7111906, 468], "SST/7.0": ["{{u}}", 26601001, 12248], "SST/7.1": ["{{u}}", 26615865, 89025], "SST/7.2": ["{{u}}", 20885122, 79707], "SST/7.3": ["{{u}}", 20964829, 86895], "SST/7.4": ["{{u}}", 22221239, 85484], "SST/7.5": ["{{u}}", 22306723, 68203], "SST/7.6": ["{{u}}", 20829380, 5230], "SST/7.7": ["{{u}}", 20834610, 50512], "SST/7.8": ["{{u}}", 23542261, 31450], "SST/7.9": ["{{u}}", 23573711, 69032], "SST/7.10": ["{{u}}", 29369940, 75681], "SST/7.11": ["{{u}}", 29445621, 64866], "SST/7.12": ["{{u}}", 28141323, 58355], "SST/7.13": ["{{u}}", 28199678, 75817], "SST/7.14": ["{{u}}", 22059783, 74682], "SST/7.15": ["{{u}}", 22134465, 84407], "SST/7.16": ["{{u}}", 16666966, 85622], "SST/7.17": ["{{u}}", 16752588, 82496], "SST/7.18": ["{{u}}", 29207410, 78720], "SST/7.19": ["{{u}}", 29286130, 83810], "SST/7.20": ["{{u}}", 20667108, 82537], "SST/7.21": ["{{u}}", 20749645, 79735], "SST/7.22": ["{{u}}", 22710702, 20326], "SST/7.23": ["{{u}}", 22731028, 468], "SST/8.0": ["{{u}}", 26704890, 44317], "SST/8.1": ["{{u}}", 26749207, 90708], "SST/8.2": ["{{u}}", 21051724, 88982], "SST/8.3": ["{{u}}", 21140706, 91190], "SST/8.4": ["{{u}}", 25348230, 89067], "SST/8.5": ["{{u}}", 25437297, 96351], "SST/8.6": ["{{u}}", 1880867, 89209], "SST/8.7": ["{{u}}", 1970076, 64120], "SST/8.8": ["{{u}}", 23642743, 28121], "SST/8.9": ["{{u}}", 23670864, 23624], "SST/8.10": ["{{u}}", 29510487, 93052], "SST/8.11": ["{{u}}", 29603539, 72341], "SST/8.12": ["{{u}}", 28275495, 83956], "SST/8.13": ["{{u}}", 28359451, 89421], "SST/8.14": ["{{u}}", 1141788, 84178], "SST/8.15": ["{{u}}", 1225966, 96546], "SST/8.16": ["{{u}}", 16835084, 99109], "SST/8.17": ["{{u}}", 16934193, 96850], "SST/8.18": ["{{u}}", 18628534, 93952], "SST/8.19": ["{{u}}", 18722486, 83577], "SST/8.20": ["{{u}}", 19791692, 88132], "SST/8.21": ["{{u}}", 19879824, 88898], "SST/8.22": ["{{u}}", 22731496, 49136], "SST/8.23": ["{{u}}", 22780632, 482], "SST/9.0": ["{{u}}", 5165628, 71242], "SST/9.1": ["{{u}}", 5236870, 99221], "SST/9.2": ["{{u}}", 615422, 99639], "SST/9.3": ["{{u}}", 715061, 97256], "SST/9.4": ["{{u}}", 25533648, 85991], "SST/9.5": ["{{u}}", 25622255, 88091], "SST/9.6": ["{{u}}", 2034196, 92954], "SST/9.7": ["{{u}}", 2127150, 90656], "SST/9.8": ["{{u}}", 6177828, 95532], "SST/9.9": ["{{u}}", 6273360, 58534], "SST/9.10": ["{{u}}", 15866622, 76855], "SST/9.11": ["{{u}}", 15943477, 61111], "SST/9.12": ["{{u}}", 26205895, 24833], "SST/9.13": ["{{u}}", 26230728, 26873], "SST/9.14": ["{{u}}", 7766114, 46425], "SST/9.15": ["{{u}}", 7815155, 79283], "SST/9.16": ["{{u}}", 13045126, 97591], "SST/9.17": ["{{u}}", 13142717, 91925], "SST/9.18": ["{{u}}", 18806063, 90457], "SST/9.19": ["{{u}}", 18896520, 92885], "SST/9.20": ["{{u}}", 19968722, 96856], "SST/9.21": ["{{u}}", 20065578, 97336], "SST/9.22": ["{{u}}", 12501865, 84575], "SST/9.23": ["{{u}}", 12589056, 2443], "SST/10.0": ["{{u}}", 6442949, 83750], "SST/10.1": ["{{u}}", 6526699, 90041], "SST/10.2": ["{{u}}", 15391441, 90748], "SST/10.3": ["{{u}}", 15482189, 85714], "SST/10.4": ["{{u}}", 13234642, 84082], "SST/10.5": ["{{u}}", 13318724, 86279], "SST/10.6": ["{{u}}", 14922630, 85842], "SST/10.7": ["{{u}}", 15008472, 88342], "SST/10.8": ["{{u}}", 9047257, 90891], "SST/10.9": ["{{u}}", 9138148, 92001], "SST/10.10": ["{{u}}", 16004588, 83801], "SST/10.11": ["{{u}}", 16088389, 32540], "SST/10.12": ["{{u}}", 22942237, 506], "SST/10.13": ["{{u}}", 22942743, 569], "SST/10.14": ["{{u}}", 10395405, 1260], "SST/10.15": ["{{u}}", 10396665, 5229], "SST/10.16": ["{{u}}", 5554407, 48974], "SST/10.17": ["{{u}}", 5603381, 68172], "SST/10.18": ["{{u}}", 26257601, 84186], "SST/10.19": ["{{u}}", 26341787, 96905], "SST/10.20": ["{{u}}", 3795196, 96510], "SST/10.21": ["{{u}}", 3891706, 96255], "SST/10.22": ["{{u}}", 15735258, 94997], "SST/10.23": ["{{u}}", 15830255, 36367], "SST/11.0": ["{{u}}", 11084264, 83080], "SST/11.1": ["{{u}}", 11167344, 83460], "SST/11.2": ["{{u}}", 15567903, 84332], "SST/11.3": ["{{u}}", 15652235, 83023], "SST/11.4": ["{{u}}", 13405003, 83349], "SST/11.5": ["{{u}}", 13488352, 81710], "SST/11.6": ["{{u}}", 15096814, 82801], "SST/11.7": ["{{u}}", 15179615, 83000], "SST/11.8": ["{{u}}", 9777944, 80973], "SST/11.9": ["{{u}}", 9858917, 83148], "SST/11.10": ["{{u}}", 16120929, 82529], "SST/11.11": ["{{u}}", 16203458, 16265], "SST/11.12": ["{{u}}", 6616740, 468], "SST/11.13": ["{{u}}", 6617208, 493], "SST/11.14": ["{{u}}", 10401894, 468], "SST/11.15": ["{{u}}", 10402362, 468], "SST/11.16": ["{{u}}", 9022405, 468], "SST/11.17": ["{{u}}", 9022873, 22467], "SST/11.18": ["{{u}}", 26438692, 75428], "SST/11.19": ["{{u}}", 26514120, 86881], "SST/11.20": ["{{u}}", 812317, 93337], "SST/11.21": ["{{u}}", 905654, 87837], "SST/11.22": ["{{u}}", 17031043, 84690], "SST/11.23": ["{{u}}", 17115733, 91297], "SST/12.0": ["{{u}}", 11250804, 86627], "SST/12.1": ["{{u}}", 11337431, 76869], "SST/12.2": ["{{u}}", 11414300, 77803], "SST/12.3": ["{{u}}", 11492103, 76848], "SST/12.4": ["{{u}}", 8541908, 75700], "SST/12.5": ["{{u}}", 8617608, 77850], "SST/12.6": ["{{u}}", 18989405, 78516], "SST/12.7": ["{{u}}", 19067921, 79516], "SST/12.8": ["{{u}}", 9942065, 75060], "SST/12.9": ["{{u}}", 10017125, 72649], "SST/12.10": ["{{u}}", 16219723, 50483], "SST/12.11": ["{{u}}", 16270206, 468], "SST/12.12": ["{{u}}", 7624161, 570], "SST/12.13": ["{{u}}", 7624731, 900], "SST/12.14": ["{{u}}", 17996551, 1682], "SST/12.15": ["{{u}}", 17998233, 2197], "SST/12.16": ["{{u}}", 11568951, 3436], "SST/12.17": ["{{u}}", 11572387, 4146], "SST/12.18": ["{{u}}", 2714498, 19824], "SST/12.19": ["{{u}}", 2734322, 52421], "SST/12.20": ["{{u}}", 453628, 82890], "SST/12.21": ["{{u}}", 536518, 78904], "SST/12.22": ["{{u}}", 17207030, 79002], "SST/12.23": ["{{u}}", 17286032, 86813], "SST/13.0": ["{{u}}", 10089774, 78695], "SST/13.1": ["{{u}}", 10168469, 77517], "SST/13.2": ["{{u}}", 7112374, 80228], "SST/13.3": ["{{u}}", 7192602, 80462], "SST/13.4": ["{{u}}", 8695458, 82240], "SST/13.5": ["{{u}}", 8777698, 78935], "SST/13.6": ["{{u}}", 19147437, 80260], "SST/13.7": ["{{u}}", 19227697, 78286], "SST/13.8": ["{{u}}", 993491, 74715], "SST/13.9": ["{{u}}", 1068206, 72500], "SST/13.10": ["{{u}}", 11578233, 53251], "SST/13.11": ["{{u}}", 11631484, 558], "SST/13.12": ["{{u}}", 7625631, 478], "SST/13.13": ["{{u}}", 7626109, 493], "SST/13.14": ["{{u}}", 18000430, 633], "SST/13.15": ["{{u}}", 18001063, 661], "SST/13.16": ["{{u}}", 11576533, 548], "SST/13.17": ["{{u}}", 11577081, 1152], "SST/13.18": ["{{u}}", 1140706, 564], "SST/13.19": ["{{u}}", 1141270, 518], "SST/13.20": ["{{u}}", 171640, 37286], "SST/13.21": ["{{u}}", 208926, 82118], "SST/13.22": ["{{u}}", 8783, 81521], "SST/13.23": ["{{u}}", 90304, 81336], "SST/14.0": ["{{u}}", 10245986, 67213], "SST/14.1": ["{{u}}", 10313199, 82206], "SST/14.2": ["{{u}}", 22374926, 85105], "SST/14.3": ["{{u}}", 22460031, 88651], "SST/14.4": ["{{u}}", 8856633, 84314], "SST/14.5": ["{{u}}", 8940947, 81458], "SST/14.6": ["{{u}}", 19305983, 83732], "SST/14.7": ["{{u}}", 19389715, 83459], "SST/14.8": ["{{u}}", 3475675, 81273], "SST/14.9": ["{{u}}", 3562180, 76166], "SST/14.10": ["{{u}}", 23803189, 75663], "SST/14.11": ["{{u}}", 23878852, 24212], "SST/14.12": ["{{u}}", 24049076, 468], "SST/14.13": ["{{u}}", 24049544, 468], "SST/14.14": ["{{u}}", 18001724, 507], "SST/14.15": ["{{u}}", 18002231, 468], "SST/14.16": ["{{u}}", 29842629, 468], "SST/14.17": ["{{u}}", 29843097, 484], "SST/14.18": ["{{u}}", 29017206, 468], "SST/14.19": ["{{u}}", 29017674, 2748], "SST/14.20": ["{{u}}", 2786743, 69686], "SST/14.21": ["{{u}}", 2856429, 85553], "SST/14.22": ["{{u}}", 5402117, 85680], "SST/14.23": ["{{u}}", 5487797, 66610], "SST/15.0": ["{{u}}", 16432898, 43933], "SST/15.1": ["{{u}}", 16476831, 84214], "SST/15.2": ["{{u}}", 22548682, 79527], "SST/15.3": ["{{u}}", 22628209, 82493], "SST/15.4": ["{{u}}", 14226699, 84789], "SST/15.5": ["{{u}}", 14311488, 82041], "SST/15.6": ["{{u}}", 10737268, 84215], "SST/15.7": ["{{u}}", 10821483, 81295], "SST/15.8": ["{{u}}", 3638346, 79751], "SST/15.9": ["{{u}}", 3718097, 77099], "SST/15.10": ["{{u}}", 23903064, 74680], "SST/15.11": ["{{u}}", 23977744, 62298], "SST/15.12": ["{{u}}", 24050012, 7692], "SST/15.13": ["{{u}}", 24057704, 3847], "SST/15.14": ["{{u}}", 22218872, 717], "SST/15.15": ["{{u}}", 22219589, 513], "SST/15.16": ["{{u}}", 29843581, 468], "SST/15.17": ["{{u}}", 29844049, 468], "SST/15.18": ["{{u}}", 29020422, 468], "SST/15.19": ["{{u}}", 29020890, 27704], "SST/15.20": ["{{u}}", 9230149, 79997], "SST/15.21": ["{{u}}", 9310146, 84028], "SST/15.22": ["{{u}}", 6044343, 88705], "SST/15.23": ["{{u}}", 6133048, 44780], "SST/16.0": ["{{u}}", 16561045, 13722], "SST/16.1": ["{{u}}", 16574767, 92199], "SST/16.2": ["{{u}}", 11973342, 82940], "SST/16.3": ["{{u}}", 12056282, 81151], "SST/16.4": ["{{u}}", 14393529, 80263], "SST/16.5": ["{{u}}", 14473792, 79556], "SST/16.6": ["{{u}}", 28693648, 82859], "SST/16.7": ["{{u}}", 28776507, 81419], "SST/16.8": ["{{u}}", 4406483, 80751], "SST/16.9": ["{{u}}", 4487234, 82317], "SST/16.10": ["{{u}}", 21592208, 81042], "SST/16.11": ["{{u}}", 21673250, 79878], "SST/16.12": ["{{u}}", 25182514, 77691], "SST/16.13": ["{{u}}", 25260205, 7004], "SST/16.14": ["{{u}}", 22220102, 477], "SST/16.15": ["{{u}}", 22220579, 660], "SST/16.16": ["{{u}}", 1879072, 468], "SST/16.17": ["{{u}}", 1879540, 1327], "SST/16.18": ["{{u}}", 1634221, 826], "SST/16.19": ["{{u}}", 1635047, 56289], "SST/16.20": ["{{u}}", 13729101, 79615], "SST/16.21": ["{{u}}", 13808716, 82993], "SST/16.22": ["{{u}}", 22781114, 87550], "SST/16.23": ["{{u}}", 22868664, 12622], "SST/17.0": ["{{u}}", 5336091, 468], "SST/17.1": ["{{u}}", 5336559, 65558], "SST/17.2": ["{{u}}", 12137433, 93970], "SST/17.3": ["{{u}}", 12231403, 83793], "SST/17.4": ["{{u}}", 14059745, 84696], "SST/17.5": ["{{u}}", 14144441, 82258], "SST/17.6": ["{{u}}", 28857926, 77977], "SST/17.7": ["{{u}}", 28935903, 81303], "SST/17.8": ["{{u}}", 20162914, 85948], "SST/17.9": ["{{u}}", 20251478, 83636], "SST/17.10": ["{{u}}", 21753128, 80794], "SST/17.11": ["{{u}}", 21833922, 70269], "SST/17.12": ["{{u}}", 25267209, 77300], "SST/17.13": ["{{u}}", 25344509, 3721], "SST/17.14": ["{{u}}", 18315074, 565], "SST/17.15": ["{{u}}", 18315639, 490], "SST/17.16": ["{{u}}", 6331894, 1378], "SST/17.17": ["{{u}}", 6333272, 18675], "SST/17.18": ["{{u}}", 1691336, 56151], "SST/17.19": ["{{u}}", 1747487, 78558], "SST/17.20": ["{{u}}", 13891709, 82243], "SST/17.21": ["{{u}}", 13973952, 85793], "SST/17.22": ["{{u}}", 22881286, 60483], "SST/17.23": ["{{u}}", 22941769, 468], "SST/18.0": ["{{u}}", 7894438, 468], "SST/18.1": ["{{u}}", 7894906, 12850], "SST/18.2": ["{{u}}", 12315196, 93149], "SST/18.3": ["{{u}}", 12408345, 93520], "SST/18.4": ["{{u}}", 12869121, 86736], "SST/18.5": ["{{u}}", 12955857, 89269], "SST/18.6": ["{{u}}", 24061551, 79238], "SST/18.7": ["{{u}}", 24140789, 82369], "SST/18.8": ["{{u}}", 20335114, 83637], "SST/18.9": ["{{u}}", 20418751, 82984], "SST/18.10": ["{{u}}", 2955788, 81548], "SST/18.11": ["{{u}}", 3037336, 72597], "SST/18.12": ["{{u}}", 24467417, 60223], "SST/18.13": ["{{u}}", 24527640, 468], "SST/18.14": ["{{u}}", 2710747, 1566], "SST/18.15": ["{{u}}", 2712313, 1249], "SST/18.16": ["{{u}}", 6351947, 8569], "SST/18.17": ["{{u}}", 6360516, 79026], "SST/18.18": ["{{u}}", 4569551, 90079], "SST/18.19": ["{{u}}", 4659630, 82917], "SST/18.20": ["{{u}}", 23247091, 83900], "SST/18.21": ["{{u}}", 23330991, 83586], "SST/18.22": ["{{u}}", 2941982, 12402], "SST/18.23": ["{{u}}", 2954384, 468], "SST/19.0": ["{{u}}", 7907756, 468], "SST/19.1": ["{{u}}", 7908224, 468], "SST/19.2": ["{{u}}", 15262615, 34079], "SST/19.3": ["{{u}}", 15296694, 94747], "SST/19.4": ["{{u}}", 10902778, 91365], "SST/19.5": ["{{u}}", 10994143, 90121], "SST/19.6": ["{{u}}", 24223158, 82476], "SST/19.7": ["{{u}}", 24305634, 88018], "SST/19.8": ["{{u}}", 19473174, 86990], "SST/19.9": ["{{u}}", 19560164, 83116], "SST/19.10": ["{{u}}", 17535848, 85223], "SST/19.11": ["{{u}}", 17621071, 81790], "SST/19.12": ["{{u}}", 13651961, 45315], "SST/19.13": ["{{u}}", 13697276, 521], "SST/19.14": ["{{u}}", 3109933, 1023], "SST/19.15": ["{{u}}", 3110956, 21996], "SST/19.16": ["{{u}}", 8045535, 76697], "SST/19.17": ["{{u}}", 8122232, 94399], "SST/19.18": ["{{u}}", 5671553, 94843], "SST/19.19": ["{{u}}", 5766396, 90624], "SST/19.20": ["{{u}}", 23414577, 91531], "SST/19.21": ["{{u}}", 23506108, 33537], "SST/19.22": ["{{u}}", 2954852, 468], "SST/19.23": ["{{u}}", 2955320, 468], "SST/20.2": ["{{u}}", 28059758, 468], "SST/20.3": ["{{u}}", 28448872, 43229], "SST/20.4": ["{{u}}", 6923678, 93810], "SST/20.5": ["{{u}}", 7017488, 91307], "SST/20.6": ["{{u}}", 12591499, 87280], "SST/20.7": ["{{u}}", 12678779, 92044], "SST/20.8": ["{{u}}", 21231896, 94655], "SST/20.9": ["{{u}}", 21326551, 81544], "SST/20.10": ["{{u}}", 25845494, 90670], "SST/20.11": ["{{u}}", 25936164, 95919], "SST/20.12": ["{{u}}", 13697797, 25658], "SST/20.13": ["{{u}}", 13723455, 5646], "SST/20.14": ["{{u}}", 22943312, 43280], "SST/20.15": ["{{u}}", 22986592, 81202], "SST/20.16": ["{{u}}", 9406625, 92682], "SST/20.17": ["{{u}}", 9499307, 92383], "SST/20.18": ["{{u}}", 5857020, 92834], "SST/20.19": ["{{u}}", 5949854, 94489], "SST/20.20": ["{{u}}", 7426451, 44042], "SST/20.21": ["{{u}}", 7470493, 468], "SST/21.2": ["{{u}}", 28060226, 468], "SST/21.3": ["{{u}}", 28492101, 468], "SST/21.4": ["{{u}}", 7908692, 34252], "SST/21.5": ["{{u}}", 7942944, 89365], "SST/21.6": ["{{u}}", 2217806, 87239], "SST/21.7": ["{{u}}", 2305045, 91021], "SST/21.8": ["{{u}}", 21408095, 92189], "SST/21.9": ["{{u}}", 21500284, 91924], "SST/21.10": ["{{u}}", 26032083, 91214], "SST/21.11": ["{{u}}", 26123297, 82598], "SST/21.12": ["{{u}}", 10402830, 11563], "SST/21.13": ["{{u}}", 10414393, 47888], "SST/21.14": ["{{u}}", 23067794, 86798], "SST/21.15": ["{{u}}", 23154592, 92499], "SST/21.16": ["{{u}}", 9594306, 91574], "SST/21.17": ["{{u}}", 9685880, 92064], "SST/21.18": ["{{u}}", 17702861, 84952], "SST/21.19": ["{{u}}", 17787813, 33734], "SST/21.20": ["{{u}}", 2713562, 468], "SST/21.21": ["{{u}}", 2714030, 468], "SST/22.4": ["{{u}}", 8032309, 468], "SST/22.5": ["{{u}}", 8032777, 11822], "SST/22.6": ["{{u}}", 2396066, 59384], "SST/22.7": ["{{u}}", 2455450, 84903], "SST/22.8": ["{{u}}", 2540353, 88250], "SST/22.9": ["{{u}}", 2628603, 82144], "SST/22.10": ["{{u}}", 291044, 80088], "SST/22.11": ["{{u}}", 371132, 82496], "SST/22.12": ["{{u}}", 10462281, 50089], "SST/22.13": ["{{u}}", 10512370, 86094], "SST/22.14": ["{{u}}", 14738271, 89175], "SST/22.15": ["{{u}}", 14827446, 95184], "SST/22.16": ["{{u}}", 7470961, 91727], "SST/22.17": ["{{u}}", 7562688, 61473], "SST/22.18": ["{{u}}", 17821547, 11398], "SST/22.19": ["{{u}}", 17832945, 468], "SST/23.4": ["{{u}}", 8044599, 468], "SST/23.5": ["{{u}}", 8045067, 468], "SST/23.6": ["{{u}}", 26839915, 468], "SST/23.7": ["{{u}}", 26840383, 10824], "SST/23.8": ["{{u}}", 4303789, 41815], "SST/23.9": ["{{u}}", 4345604, 60879], "SST/23.10": ["{{u}}", 6778833, 68197], "SST/23.11": ["{{u}}", 6847030, 76648], "SST/23.12": ["{{u}}", 10598464, 68710], "SST/23.13": ["{{u}}", 10667174, 70094], "SST/23.14": ["{{u}}", 25080897, 60757], "SST/23.15": ["{{u}}", 25141654, 40860], "SST/23.16": ["{{u}}", 16421531, 10899], "SST/23.17": ["{{u}}", 16432430, 468], "SST/23.18": ["{{u}}", 17833413, 468], "SST/23.19": ["{{u}}", 17833881, 468], "SST_day_night_emissive_band_ids/.zarray": "{\n    \"chunks\": [\n        4\n    ],\n    \"compressor\": null,\n    \"dtype\": \"|i1\",\n    \"fill_value\": -127,\n    \"filters\": null,\n    \"order\": \"C\",\n    \"shape\": [\n        4\n    ],\n    \"zarr_format\": 2\n}", "SST_day_night_emissive_band_ids/.zattrs": "{\n    \"_ARRAY_DIMENSIONS\": [\n        \"SST_day_night_emissive_bands\"\n    ],\n    \"long_name\": \"ABI band identifiers used to generate Sea Surface (Skin) Temperature product (day and night pixels)\",\n    \"standard_name\": \"sensor_band_identifier\",\n    \"units\": \"1\"\n}", "SST_day_night_emissive_band_ids/0": "\u000b\r\u000e\u000f", "SST_day_night_emissive_wavelengths/.zarray": "{\n    \"chunks\": [\n        4\n    ],\n    \"compressor\": null,\n    \"dtype\": \"<f4\",\n    \"fill_value\": 9.969209968386869e+36,\n    \"filters\": null,\n    \"order\": \"C\",\n    \"shape\": [\n        4\n    ],\n    \"zarr_format\": 2\n}", "SST_day_night_emissive_wavelengths/.zattrs": "{\n    \"_ARRAY_DIMENSIONS\": [\n        \"SST_day_night_emissive_bands\"\n    ],\n    \"_Netcdf4Dimid\": 7,\n    \"long_name\": \"ABI band central emissive wavelengths used to generate Sea Surface (Skin) Temperature product (day and night pixels)\",\n    \"standard_name\": \"sensor_band_central_radiation_wavelength\",\n    \"units\": \"um\"\n}", "SST_day_night_emissive_wavelengths/0": "base64:PQoHQa5HJUE9CjNB7FFEQQ==", "SST_night_only_emissive_band_id/.zarray": "{\n    \"chunks\": [\n        1\n    ],\n    \"compressor\": null,\n    \"dtype\": \"|i1\",\n    \"fill_value\": -127,\n    \"filters\": null,\n    \"order\": \"C\",\n    \"shape\": [\n        1\n    ],\n    \"zarr_format\": 2\n}", "SST_night_only_emissive_band_id/.zattrs": "{\n    \"_ARRAY_DIMENSIONS\": [\n        \"SST_night_only_emissive_band\"\n    ],\n    \"_Netcdf4Dimid\": 8,\n    \"long_name\": \"ABI band identifier used to generate Sea Surface (Skin) Temperature product (night pixels only)\",\n    \"standard_name\": \"sensor_band_identifier\",\n    \"units\": \"1\"\n}", "SST_night_only_emissive_band_id/0": "\u0007", "SST_night_only_emissive_wavelength/.zarray": "{\n    \"chunks\": [\n        1\n    ],\n    \"compressor\": null,\n    \"dtype\": \"<f4\",\n    \"fill_value\": 9.969209968386869e+36,\n    \"filters\": null,\n    \"order\": \"C\",\n    \"shape\": [\n        1\n    ],\n    \"zarr_format\": 2\n}", "SST_night_only_emissive_wavelength/.zattrs": "{\n    \"_ARRAY_DIMENSIONS\": [\n        \"SST_night_only_emissive_band\"\n    ],\n    \"_Netcdf4Dimid\": 8,\n    \"long_name\": \"ABI band central emissive wavelength used to generate Sea Surface (Skin) Temperature product (night pixels only)\",\n    \"standard_name\": \"sensor_band_central_radiation_wavelength\",\n    \"units\": \"um\"\n}", "SST_night_only_emissive_wavelength/0": "base64:w/V4QA==", "algorithm_dynamic_input_data_container/.zarray": "{\n    \"chunks\": [],\n    \"compressor\": null,\n    \"dtype\": \"<i4\",\n    \"fill_value\": -2147483647,\n    \"filters\": null,\n    \"order\": \"C\",\n    \"shape\": [],\n    \"zarr_format\": 2\n}", "algorithm_dynamic_input_data_container/.zattrs": "{\n    \"_ARRAY_DIMENSIONS\": [],\n    \"input_ABI_L2_auxiliary_solar_zenith_angle_data\": \"null\",\n    \"input_ABI_L2_auxiliary_sunglint_angle_data\": \"null\",\n    \"input_ABI_L2_brightness_temperature_band_14_2km_data\": \"OR_ABI-L2-CMIF-M6C14_G16_s20202101900199_e20202101959506_c*.nc\",\n    \"input_ABI_L2_brightness_temperature_band_15_2km_data\": \"OR_ABI-L2-CMIF-M6C15_G16_s20202101900199_e20202101959506_c*.nc\",\n    \"input_ABI_L2_brightness_temperature_band_7_2km_data\": \"OR_ABI-L2-CMIF-M6C07_G16_s20202101900199_e20202101959506_c*.nc\",\n    \"input_ABI_L2_intermediate_product_CRTM_clear_sky_brightness_temperature_band_14_data\": \"null\",\n    \"input_ABI_L2_intermediate_product_CRTM_clear_sky_brightness_temperature_band_15_data\": \"null\",\n    \"input_ABI_L2_intermediate_product_CRTM_clear_sky_brightness_temperature_band_7_data\": \"null\",\n    \"input_ABI_L2_intermediate_product_CRTM_skin_temperature_derivative_band_14_data\": \"null\",\n    \"input_ABI_L2_intermediate_product_CRTM_skin_temperature_derivative_band_15_data\": \"null\",\n    \"input_ABI_L2_intermediate_product_CRTM_skin_temperature_derivative_band_7_data\": \"null\",\n    \"input_ABI_L2_intermediate_product_CRTM_water_vapor_derivative_band_14_data\": \"null\",\n    \"input_ABI_L2_intermediate_product_CRTM_water_vapor_derivative_band_15_data\": \"null\",\n    \"input_ABI_L2_intermediate_product_CRTM_water_vapor_derivative_band_7_data\": \"null\",\n    \"input_ABI_L2_intermediate_product_SST_historical_bias_estimate_data\": \"null\",\n    \"input_ABI_L2_intermediate_product_cloud_mask_info_flag_data\": \"null\",\n    \"input_ABI_L2_intermediate_product_instantaneous_sea_surface_temperature_data\": \"null\",\n    \"input_dynamic_ancillary_Reynolds_SST_data\": \"null\",\n    \"input_dynamic_ancillary_Reynolds_SST_uncertainty_data\": \"null\",\n    \"long_name\": \"container for filenames of dynamic algorithm input data\"\n}", "algorithm_product_version_container/.zarray": "{\n    \"chunks\": [],\n    \"compressor\": null,\n    \"dtype\": \"<i4\",\n    \"fill_value\": -2147483647,\n    \"filters\": null,\n    \"order\": \"C\",\n    \"shape\": [],\n    \"zarr_format\": 2\n}", "algorithm_product_version_container/.zattrs": "{\n    \"_ARRAY_DIMENSIONS\": [],\n    \"algorithm_version\": \"OR_ABI-L2-ALG-SST_v01r00.zip\",\n    \"long_name\": \"container for algorithm package filename and product version\",\n    \"product_version\": \"v01r00\"\n}", "day_solar_zenith_angle/.zarray": "{\n    \"chunks\": [],\n    \"compressor\": null,\n    \"dtype\": \"<f4\",\n    \"fill_value\": 9.969209968386869e+36,\n    \"filters\": null,\n    \"order\": \"C\",\n    \"shape\": [],\n    \"zarr_format\": 2\n}", "day_solar_zenith_angle/.zattrs": "{\n    \"_ARRAY_DIMENSIONS\": [],\n    \"bounds\": \"day_solar_zenith_angle_bounds\",\n    \"long_name\": \"threshold angle of the day region for the angle between the line of sight to the sun and the local zenith at the observation target\",\n    \"standard_name\": \"solar_zenith_angle\",\n    \"units\": \"degree\"\n}", "day_solar_zenith_angle/0": "base64:AACqQg==", "day_solar_zenith_angle_bounds/.zarray": "{\n    \"chunks\": [\n        2\n    ],\n    \"compressor\": null,\n    \"dtype\": \"<f4\",\n    \"fill_value\": 9.969209968386869e+36,\n    \"filters\": null,\n    \"order\": \"C\",\n    \"shape\": [\n        2\n    ],\n    \"zarr_format\": 2\n}", "day_solar_zenith_angle_bounds/.zattrs": "{\n    \"_ARRAY_DIMENSIONS\": [\n        \"number_of_SZA_bounds\"\n    ],\n    \"_Netcdf4Dimid\": 6,\n    \"long_name\": \"solar zenith angle degree range for the day region\"\n}", "day_solar_zenith_angle_bounds/0": "base64:AAAAAAAAqkI=", "geospatial_lat_lon_extent/.zarray": "{\n    \"chunks\": [],\n    \"compressor\": null,\n    \"dtype\": \"<f4\",\n    \"fill_value\": 9.969209968386869e+36,\n    \"filters\": null,\n    \"order\": \"C\",\n    \"shape\": [],\n    \"zarr_format\": 2\n}", "geospatial_lat_lon_extent/.zattrs": "{\n    \"_ARRAY_DIMENSIONS\": [],\n    \"geospatial_eastbound_longitude\": 6.299499988555908,\n    \"geospatial_lat_center\": 0.0,\n    \"geospatial_lat_nadir\": 0.0,\n    \"geospatial_lat_units\": \"degrees_north\",\n    \"geospatial_lon_center\": -75.0,\n    \"geospatial_lon_nadir\": -75.0,\n    \"geospatial_lon_units\": \"degrees_east\",\n    \"geospatial_northbound_latitude\": 81.32820129394531,\n    \"geospatial_southbound_latitude\": -81.32820129394531,\n    \"geospatial_westbound_longitude\": -156.29949951171875,\n    \"long_name\": \"geospatial latitude and longitude references\"\n}", "goes_imager_projection/.zarray": "{\n    \"chunks\": [],\n    \"compressor\": null,\n    \"dtype\": \"<i4\",\n    \"fill_value\": -2147483647,\n    \"filters\": null,\n    \"order\": \"C\",\n    \"shape\": [],\n    \"zarr_format\": 2\n}", "goes_imager_projection/.zattrs": "{\n    \"_ARRAY_DIMENSIONS\": [],\n    \"grid_mapping_name\": \"geostationary\",\n    \"inverse_flattening\": 298.2572221,\n    \"latitude_of_projection_origin\": 0.0,\n    \"long_name\": \"GOES-R ABI fixed grid projection\",\n    \"longitude_of_projection_origin\": -75.0,\n    \"perspective_point_height\": 35786023.0,\n    \"semi_major_axis\": 6378137.0,\n    \"semi_minor_axis\": 6356752.31414,\n    \"sweep_angle_axis\": \"x\"\n}", "max_obs_modeled_diff_SST_night_only_emissive_band/.zarray": "{\n    \"chunks\": [],\n    \"compressor\": null,\n    \"dtype\": \"<f4\",\n    \"fill_value\": -999.0,\n    \"filters\": null,\n    \"order\": \"C\",\n    \"shape\": [],\n    \"zarr_format\": 2\n}", "max_obs_modeled_diff_SST_night_only_emissive_band/.zattrs": "{\n    \"_ARRAY_DIMENSIONS\": [],\n    \"_FillValue\": -999.0,\n    \"cell_methods\": \"quantitative_local_zenith_angle: sum night_solar_zenith_angle: sum t: sum area: maximum (interval: 0.000056 rad comment: good quality pixels only) where sea\",\n    \"coordinates\": \"quantitative_local_zenith_angle night_solar_zenith_angle SST_night_only_emissive_band_id SST_night_only_emissive_wavelength t y_image x_image\",\n    \"grid_mapping\": \"goes_imager_projection\",\n    \"long_name\": \"maximum difference of the observed and modeled brightness temperature (Joint Center for Satellite Data Assimilation Community Radiative Transfer Model using temporally interpolated NWP data as input) for the night only emissive band central wavelength used in the generation of the sea surface temperature product\",\n    \"units\": \"K\"\n}", "max_obs_modeled_diff_SST_night_only_emissive_band/0": "base64:AE7XPw==", "max_retrieved_Reynolds_SST_diff/.zarray": "{\n    \"chunks\": [],\n    \"compressor\": null,\n    \"dtype\": \"<f4\",\n    \"fill_value\": -999.0,\n    \"filters\": null,\n    \"order\": \"C\",\n    \"shape\": [],\n    \"zarr_format\": 2\n}", "max_retrieved_Reynolds_SST_diff/.zattrs": "{\n    \"_ARRAY_DIMENSIONS\": [],\n    \"_FillValue\": -999.0,\n    \"cell_methods\": \"quantitative_local_zenith_angle: sum retrieval_solar_zenith_angle: sum t: sum area: maximum (interval: 0.000056 rad comment: good quality pixels only) where sea\",\n    \"coordinates\": \"quantitative_local_zenith_angle retrieval_solar_zenith_angle t y_image x_image\",\n    \"grid_mapping\": \"goes_imager_projection\",\n    \"long_name\": \"maximum difference of the retrieved SST and Reynolds real-time global SST analysis used in the generation of the sea surface temperature product\",\n    \"units\": \"K\"\n}", "max_retrieved_Reynolds_SST_diff/0": "base64:IJP1QQ==", "maximum_sea_surface_temp/.zarray": "{\n    \"chunks\": [],\n    \"compressor\": null,\n    \"dtype\": \"<f4\",\n    \"fill_value\": -999.0,\n    \"filters\": null,\n    \"order\": \"C\",\n    \"shape\": [],\n    \"zarr_format\": 2\n}", "maximum_sea_surface_temp/.zattrs": "{\n    \"_ARRAY_DIMENSIONS\": [],\n    \"_FillValue\": -999.0,\n    \"cell_methods\": \"quantitative_local_zenith_angle: sum retrieval_solar_zenith_angle: sum t: sum area: maximum (interval: 0.000056 rad comment: good quality pixels only) where sea\",\n    \"coordinates\": \"quantitative_local_zenith_angle retrieval_solar_zenith_angle t y_image x_image\",\n    \"grid_mapping\": \"goes_imager_projection\",\n    \"long_name\": \"maximum sea surface temperature\",\n    \"standard_name\": \"sea_surface_temperature\",\n    \"units\": \"K\",\n    \"valid_range\": [\n        180.0,\n        340.0\n    ]\n}", "maximum_sea_surface_temp/0": "base64:nSalQw==", "mean_obs_modeled_diff_SST_night_only_emissive_band/.zarray": "{\n    \"chunks\": [],\n    \"compressor\": null,\n    \"dtype\": \"<f4\",\n    \"fill_value\": -999.0,\n    \"filters\": null,\n    \"order\": \"C\",\n    \"shape\": [],\n    \"zarr_format\": 2\n}", "mean_obs_modeled_diff_SST_night_only_emissive_band/.zattrs": "{\n    \"_ARRAY_DIMENSIONS\": [],\n    \"_FillValue\": -999.0,\n    \"cell_methods\": \"quantitative_local_zenith_angle: sum night_solar_zenith_angle: sum t: sum area: mean (interval: 0.000056 rad comment: good quality pixels only) where sea\",\n    \"coordinates\": \"quantitative_local_zenith_angle night_solar_zenith_angle SST_night_only_emissive_band_id SST_night_only_emissive_wavelength t y_image x_image\",\n    \"grid_mapping\": \"goes_imager_projection\",\n    \"long_name\": \"mean difference of the observed and modeled brightness temperature (Joint Center for Satellite Data Assimilation Community Radiative Transfer Model using temporally interpolated NWP data as input) for the night only emissive band central wavelength used in the generation of the sea surface temperature product\",\n    \"units\": \"K\"\n}", "mean_obs_modeled_diff_SST_night_only_emissive_band/0": "base64:zSgxvg==", "mean_retrieved_Reynolds_SST_diff/.zarray": "{\n    \"chunks\": [],\n    \"compressor\": null,\n    \"dtype\": \"<f4\",\n    \"fill_value\": -999.0,\n    \"filters\": null,\n    \"order\": \"C\",\n    \"shape\": [],\n    \"zarr_format\": 2\n}", "mean_retrieved_Reynolds_SST_diff/.zattrs": "{\n    \"_ARRAY_DIMENSIONS\": [],\n    \"_FillValue\": -999.0,\n    \"cell_methods\": \"quantitative_local_zenith_angle: sum retrieval_solar_zenith_angle: sum t: sum area: mean (interval: 0.000056 rad comment: good quality pixels only) where sea\",\n    \"coordinates\": \"quantitative_local_zenith_angle retrieval_solar_zenith_angle t y_image x_image\",\n    \"grid_mapping\": \"goes_imager_projection\",\n    \"long_name\": \"mean difference of the retrieved SST and Reynolds real-time global SST analysis used in the generation of the sea surface temperature product\",\n    \"units\": \"K\"\n}", "mean_retrieved_Reynolds_SST_diff/0": "base64:UaEaPg==", "mean_sea_surface_temp/.zarray": "{\n    \"chunks\": [],\n    \"compressor\": null,\n    \"dtype\": \"<f4\",\n    \"fill_value\": -999.0,\n    \"filters\": null,\n    \"order\": \"C\",\n    \"shape\": [],\n    \"zarr_format\": 2\n}", "mean_sea_surface_temp/.zattrs": "{\n    \"_ARRAY_DIMENSIONS\": [],\n    \"_FillValue\": -999.0,\n    \"cell_methods\": \"quantitative_local_zenith_angle: sum retrieval_solar_zenith_angle: sum t: sum area: mean (interval: 0.000056 rad comment: good quality pixels only) where sea\",\n    \"coordinates\": \"quantitative_local_zenith_angle retrieval_solar_zenith_angle t y_image x_image\",\n    \"grid_mapping\": \"goes_imager_projection\",\n    \"long_name\": \"mean sea surface temperature\",\n    \"standard_name\": \"sea_surface_temperature\",\n    \"units\": \"K\",\n    \"valid_range\": [\n        180.0,\n        340.0\n    ]\n}", "mean_sea_surface_temp/0": "base64:9H6PQw==", "min_obs_modeled_diff_SST_night_only_emissive_band/.zarray": "{\n    \"chunks\": [],\n    \"compressor\": null,\n    \"dtype\": \"<f4\",\n    \"fill_value\": -999.0,\n    \"filters\": null,\n    \"order\": \"C\",\n    \"shape\": [],\n    \"zarr_format\": 2\n}", "min_obs_modeled_diff_SST_night_only_emissive_band/.zattrs": "{\n    \"_ARRAY_DIMENSIONS\": [],\n    \"_FillValue\": -999.0,\n    \"cell_methods\": \"quantitative_local_zenith_angle: sum night_solar_zenith_angle: sum t: sum area: minimum (interval: 0.000056 rad comment: good quality pixels only) where sea\",\n    \"coordinates\": \"quantitative_local_zenith_angle night_solar_zenith_angle SST_night_only_emissive_band_id SST_night_only_emissive_wavelength t y_image x_image\",\n    \"grid_mapping\": \"goes_imager_projection\",\n    \"long_name\": \"minimum difference of the observed and modeled brightness temperature (Joint Center for Satellite Data Assimilation Community Radiative Transfer Model using temporally interpolated NWP data as input) for the night only emissive band central wavelength used in the generation of the sea surface temperature product\",\n    \"units\": \"K\"\n}", "min_obs_modeled_diff_SST_night_only_emissive_band/0": "base64:gItnwA==", "min_retrieved_Reynolds_SST_diff/.zarray": "{\n    \"chunks\": [],\n    \"compressor\": null,\n    \"dtype\": \"<f4\",\n    \"fill_value\": -999.0,\n    \"filters\": null,\n    \"order\": \"C\",\n    \"shape\": [],\n    \"zarr_format\": 2\n}", "min_retrieved_Reynolds_SST_diff/.zattrs": "{\n    \"_ARRAY_DIMENSIONS\": [],\n    \"_FillValue\": -999.0,\n    \"cell_methods\": \"quantitative_local_zenith_angle: sum retrieval_solar_zenith_angle: sum t: sum area: minimum (interval: 0.000056 rad comment: good quality pixels only) where sea\",\n    \"coordinates\": \"quantitative_local_zenith_angle retrieval_solar_zenith_angle t y_image x_image\",\n    \"grid_mapping\": \"goes_imager_projection\",\n    \"long_name\": \"minimum difference of the retrieved SST and Reynolds real-time global SST analysis used in the generation of the sea surface temperature product\",\n    \"units\": \"K\"\n}", "min_retrieved_Reynolds_SST_diff/0": "base64:9CAdwA==", "minimum_sea_surface_temp/.zarray": "{\n    \"chunks\": [],\n    \"compressor\": null,\n    \"dtype\": \"<f4\",\n    \"fill_value\": -999.0,\n    \"filters\": null,\n    \"order\": \"C\",\n    \"shape\": [],\n    \"zarr_format\": 2\n}", "minimum_sea_surface_temp/.zattrs": "{\n    \"_ARRAY_DIMENSIONS\": [],\n    \"_FillValue\": -999.0,\n    \"cell_methods\": \"quantitative_local_zenith_angle: sum retrieval_solar_zenith_angle: sum t: sum area: minimum (interval: 0.000056 rad comment: good quality pixels only) where sea\",\n    \"coordinates\": \"quantitative_local_zenith_angle retrieval_solar_zenith_angle t y_image x_image\",\n    \"grid_mapping\": \"goes_imager_projection\",\n    \"long_name\": \"minimum sea surface temperature\",\n    \"standard_name\": \"sea_surface_temperature\",\n    \"units\": \"K\",\n    \"valid_range\": [\n        180.0,\n        340.0\n    ]\n}", "minimum_sea_surface_temp/0": "base64:NsBDQw==", "night_solar_zenith_angle/.zarray": "{\n    \"chunks\": [],\n    \"compressor\": null,\n    \"dtype\": \"<f4\",\n    \"fill_value\": 9.969209968386869e+36,\n    \"filters\": null,\n    \"order\": \"C\",\n    \"shape\": [],\n    \"zarr_format\": 2\n}", "night_solar_zenith_angle/.zattrs": "{\n    \"_ARRAY_DIMENSIONS\": [],\n    \"bounds\": \"night_solar_zenith_angle_bounds\",\n    \"long_name\": \"threshold angle of the night region for the angle between the line of sight to the sun and the local zenith at the observation target\",\n    \"standard_name\": \"solar_zenith_angle\",\n    \"units\": \"degree\"\n}", "night_solar_zenith_angle/0": "base64:AAC+Qg==", "night_solar_zenith_angle_bounds/.zarray": "{\n    \"chunks\": [\n        2\n    ],\n    \"compressor\": null,\n    \"dtype\": \"<f4\",\n    \"fill_value\": 9.969209968386869e+36,\n    \"filters\": null,\n    \"order\": \"C\",\n    \"shape\": [\n        2\n    ],\n    \"zarr_format\": 2\n}", "night_solar_zenith_angle_bounds/.zattrs": "{\n    \"_ARRAY_DIMENSIONS\": [\n        \"number_of_SZA_bounds\"\n    ],\n    \"_Netcdf4Dimid\": 6,\n    \"long_name\": \"solar zenith angle degree range for the night region\"\n}", "night_solar_zenith_angle_bounds/0": "base64:AAC+QgAANEM=", "nominal_satellite_height/.zarray": "{\n    \"chunks\": [],\n    \"compressor\": null,\n    \"dtype\": \"<f4\",\n    \"fill_value\": -999.0,\n    \"filters\": null,\n    \"order\": \"C\",\n    \"shape\": [],\n    \"zarr_format\": 2\n}", "nominal_satellite_height/.zattrs": "{\n    \"_ARRAY_DIMENSIONS\": [],\n    \"_FillValue\": -999.0,\n    \"long_name\": \"nominal satellite height above GRS 80 ellipsoid (platform altitude)\",\n    \"standard_name\": \"height_above_reference_ellipsoid\",\n    \"units\": \"km\"\n}", "nominal_satellite_height/0": "base64:BsoLRw==", "nominal_satellite_subpoint_lat/.zarray": "{\n    \"chunks\": [],\n    \"compressor\": null,\n    \"dtype\": \"<f4\",\n    \"fill_value\": -999.0,\n    \"filters\": null,\n    \"order\": \"C\",\n    \"shape\": [],\n    \"zarr_format\": 2\n}", "nominal_satellite_subpoint_lat/.zattrs": "{\n    \"_ARRAY_DIMENSIONS\": [],\n    \"_FillValue\": -999.0,\n    \"long_name\": \"nominal satellite subpoint latitude (platform latitude)\",\n    \"standard_name\": \"latitude\",\n    \"units\": \"degrees_north\"\n}", "nominal_satellite_subpoint_lat/0": "\u0000\u0000\u0000\u0000", "nominal_satellite_subpoint_lon/.zarray": "{\n    \"chunks\": [],\n    \"compressor\": null,\n    \"dtype\": \"<f4\",\n    \"fill_value\": -999.0,\n    \"filters\": null,\n    \"order\": \"C\",\n    \"shape\": [],\n    \"zarr_format\": 2\n}", "nominal_satellite_subpoint_lon/.zattrs": "{\n    \"_ARRAY_DIMENSIONS\": [],\n    \"_FillValue\": -999.0,\n    \"long_name\": \"nominal satellite subpoint longitude (platform longitude)\",\n    \"standard_name\": \"longitude\",\n    \"units\": \"degrees_east\"\n}", "nominal_satellite_subpoint_lon/0": "base64:ZmaWwg==", "number_of_day_SST_pixels/.zarray": "{\n    \"chunks\": [],\n    \"compressor\": null,\n    \"dtype\": \"<i4\",\n    \"fill_value\": -1,\n    \"filters\": null,\n    \"order\": \"C\",\n    \"shape\": [],\n    \"zarr_format\": 2\n}", "number_of_day_SST_pixels/.zattrs": "{\n    \"_ARRAY_DIMENSIONS\": [],\n    \"_FillValue\": -1,\n    \"cell_methods\": \"quantitative_local_zenith_angle: sum day_solar_zenith_angle: sum t: sum area: sum (interval: 0.000056 rad comment: good quality pixels only) where sea\",\n    \"coordinates\": \"quantitative_local_zenith_angle day_solar_zenith_angle t y_image x_image\",\n    \"grid_mapping\": \"goes_imager_projection\",\n    \"long_name\": \"number of day sea surface temperature pixels\",\n    \"units\": \"count\"\n}", "number_of_day_SST_pixels/0": "base64:71dCAA==", "number_of_night_SST_pixels/.zarray": "{\n    \"chunks\": [],\n    \"compressor\": null,\n    \"dtype\": \"<i4\",\n    \"fill_value\": -1,\n    \"filters\": null,\n    \"order\": \"C\",\n    \"shape\": [],\n    \"zarr_format\": 2\n}", "number_of_night_SST_pixels/.zattrs": "{\n    \"_ARRAY_DIMENSIONS\": [],\n    \"_FillValue\": -1,\n    \"cell_methods\": \"quantitative_local_zenith_angle: sum night_solar_zenith_angle: sum t: sum area: sum (interval: 0.000056 rad comment: good quality pixels only) where sea\",\n    \"coordinates\": \"quantitative_local_zenith_angle night_solar_zenith_angle t y_image x_image\",\n    \"grid_mapping\": \"goes_imager_projection\",\n    \"long_name\": \"number of night sea surface temperature pixels\",\n    \"units\": \"count\"\n}", "number_of_night_SST_pixels/0": "base64:rGUAAA==", "number_of_twilight_SST_pixels/.zarray": "{\n    \"chunks\": [],\n    \"compressor\": null,\n    \"dtype\": \"<i4\",\n    \"fill_value\": -1,\n    \"filters\": null,\n    \"order\": \"C\",\n    \"shape\": [],\n    \"zarr_format\": 2\n}", "number_of_twilight_SST_pixels/.zattrs": "{\n    \"_ARRAY_DIMENSIONS\": [],\n    \"_FillValue\": -1,\n    \"cell_methods\": \"quantitative_local_zenith_angle: sum twilight_solar_zenith_angle: sum t: sum area: sum (interval: 0.000056 rad comment: good quality pixels only) where sea\",\n    \"coordinates\": \"quantitative_local_zenith_angle night_twilight_solar_zenith_angle t y_image x_image\",\n    \"grid_mapping\": \"goes_imager_projection\",\n    \"long_name\": \"number of twilight sea surface temperature pixels\",\n    \"units\": \"count\"\n}", "number_of_twilight_SST_pixels/0": "base64:lY+RAA==", "percent_uncorrectable_GRB_errors/.zarray": "{\n    \"chunks\": [],\n    \"compressor\": null,\n    \"dtype\": \"<f4\",\n    \"fill_value\": -999.0,\n    \"filters\": null,\n    \"order\": \"C\",\n    \"shape\": [],\n    \"zarr_format\": 2\n}", "percent_uncorrectable_GRB_errors/.zattrs": "{\n    \"_ARRAY_DIMENSIONS\": [],\n    \"_FillValue\": -999.0,\n    \"cell_methods\": \"t: sum area: sum (uncorrectable GRB errors only)\",\n    \"coordinates\": \"t y_image x_image\",\n    \"grid_mapping\": \"goes_imager_projection\",\n    \"long_name\": \"percent data lost due to uncorrectable GRB errors\",\n    \"units\": \"percent\",\n    \"valid_range\": [\n        0.0,\n        1.0\n    ]\n}", "percent_uncorrectable_GRB_errors/0": "\u0000\u0000\u0000\u0000", "percent_uncorrectable_L0_errors/.zarray": "{\n    \"chunks\": [],\n    \"compressor\": null,\n    \"dtype\": \"<f4\",\n    \"fill_value\": -999.0,\n    \"filters\": null,\n    \"order\": \"C\",\n    \"shape\": [],\n    \"zarr_format\": 2\n}", "percent_uncorrectable_L0_errors/.zattrs": "{\n    \"_ARRAY_DIMENSIONS\": [],\n    \"_FillValue\": -999.0,\n    \"cell_methods\": \"t: sum area: sum (uncorrectable L0 errors only)\",\n    \"coordinates\": \"t y_image x_image\",\n    \"grid_mapping\": \"goes_imager_projection\",\n    \"long_name\": \"percent data lost due to uncorrectable L0 errors\",\n    \"units\": \"percent\",\n    \"valid_range\": [\n        0.0,\n        1.0\n    ]\n}", "percent_uncorrectable_L0_errors/0": "\u0000\u0000\u0000\u0000", "processing_parm_version_container/.zarray": "{\n    \"chunks\": [],\n    \"compressor\": null,\n    \"dtype\": \"<i4\",\n    \"fill_value\": -2147483647,\n    \"filters\": null,\n    \"order\": \"C\",\n    \"shape\": [],\n    \"zarr_format\": 2\n}", "processing_parm_version_container/.zattrs": "{\n    \"L2_processing_parm_version\": \"OR-PARM-SST_v01r00.zip, OR-PARM-SEMISTATIC_v01r00.zip, OR-PARM-ANCILLARY_v01r00.zip, OR-PARM-AUXILIARY_v01r00.zip, OR-PARM-TARP_v01r00.zip\",\n    \"_ARRAY_DIMENSIONS\": [],\n    \"long_name\": \"container for processing parameter filenames\"\n}", "quantitative_local_zenith_angle/.zarray": "{\n    \"chunks\": [],\n    \"compressor\": null,\n    \"dtype\": \"<f4\",\n    \"fill_value\": 9.969209968386869e+36,\n    \"filters\": null,\n    \"order\": \"C\",\n    \"shape\": [],\n    \"zarr_format\": 2\n}", "quantitative_local_zenith_angle/.zattrs": "{\n    \"_ARRAY_DIMENSIONS\": [],\n    \"bounds\": \"quantitative_local_zenith_angle_bounds\",\n    \"long_name\": \"threshold angle between the line of sight to the satellite and the local zenith at the observation target for good quality sea surface (skin) temperature data production\",\n    \"standard_name\": \"platform_zenith_angle\",\n    \"units\": \"degree\"\n}", "quantitative_local_zenith_angle/0": "base64:AACGQg==", "quantitative_local_zenith_angle_bounds/.zarray": "{\n    \"chunks\": [\n        2\n    ],\n    \"compressor\": null,\n    \"dtype\": \"<f4\",\n    \"fill_value\": 9.969209968386869e+36,\n    \"filters\": null,\n    \"order\": \"C\",\n    \"shape\": [\n        2\n    ],\n    \"zarr_format\": 2\n}", "quantitative_local_zenith_angle_bounds/.zattrs": "{\n    \"_ARRAY_DIMENSIONS\": [\n        \"number_of_LZA_bounds\"\n    ],\n    \"_Netcdf4Dimid\": 5,\n    \"long_name\": \"local zenith angle degree range where good quality sea surface (skin) temperature data is produced\"\n}", "quantitative_local_zenith_angle_bounds/0": "base64:AAAAAAAAhkI=", "retrieval_local_zenith_angle/.zarray": "{\n    \"chunks\": [],\n    \"compressor\": null,\n    \"dtype\": \"<f4\",\n    \"fill_value\": 9.969209968386869e+36,\n    \"filters\": null,\n    \"order\": \"C\",\n    \"shape\": [],\n    \"zarr_format\": 2\n}", "retrieval_local_zenith_angle/.zattrs": "{\n    \"_ARRAY_DIMENSIONS\": [],\n    \"bounds\": \"retrieval_local_zenith_angle_bounds\",\n    \"long_name\": \"threshold angle between the line of sight to the satellite and the local zenith at the observation target for good or degraded quality sea surface (skin) temperature data production\",\n    \"standard_name\": \"platform_zenith_angle\",\n    \"units\": \"degree\"\n}", "retrieval_local_zenith_angle/0": "base64:AAC0Qg==", "retrieval_local_zenith_angle_bounds/.zarray": "{\n    \"chunks\": [\n        2\n    ],\n    \"compressor\": null,\n    \"dtype\": \"<f4\",\n    \"fill_value\": 9.969209968386869e+36,\n    \"filters\": null,\n    \"order\": \"C\",\n    \"shape\": [\n        2\n    ],\n    \"zarr_format\": 2\n}", "retrieval_local_zenith_angle_bounds/.zattrs": "{\n    \"_ARRAY_DIMENSIONS\": [\n        \"number_of_LZA_bounds\"\n    ],\n    \"_Netcdf4Dimid\": 5,\n    \"long_name\": \"local zenith angle degree range where good or degraded quality sea surface (skin) temperature data is produced\"\n}", "retrieval_local_zenith_angle_bounds/0": "base64:AAAAAAAAtEI=", "retrieval_solar_zenith_angle/.zarray": "{\n    \"chunks\": [],\n    \"compressor\": null,\n    \"dtype\": \"<f4\",\n    \"fill_value\": 9.969209968386869e+36,\n    \"filters\": null,\n    \"order\": \"C\",\n    \"shape\": [],\n    \"zarr_format\": 2\n}", "retrieval_solar_zenith_angle/.zattrs": "{\n    \"_ARRAY_DIMENSIONS\": [],\n    \"bounds\": \"retrieval_solar_zenith_angle_bounds\",\n    \"long_name\": \"threshold angle between the line of sight to the sun and the local zenith at the observation target for good quality sea surface (skin) temperature data production\",\n    \"standard_name\": \"solar_zenith_angle\",\n    \"units\": \"degree\"\n}", "retrieval_solar_zenith_angle/0": "\u0000\u00004C", "retrieval_solar_zenith_angle_bounds/.zarray": "{\n    \"chunks\": [\n        2\n    ],\n    \"compressor\": null,\n    \"dtype\": \"<f4\",\n    \"fill_value\": 9.969209968386869e+36,\n    \"filters\": null,\n    \"order\": \"C\",\n    \"shape\": [\n        2\n    ],\n    \"zarr_format\": 2\n}", "retrieval_solar_zenith_angle_bounds/.zattrs": "{\n    \"_ARRAY_DIMENSIONS\": [\n        \"number_of_SZA_bounds\"\n    ],\n    \"_Netcdf4Dimid\": 6,\n    \"long_name\": \"solar zenith angle degree range where good quality sea surface (skin) temperature data is produced\"\n}", "retrieval_solar_zenith_angle_bounds/0": "\u0000\u0000\u0000\u0000\u0000\u00004C", "sea_surface_temp_outlier_pixel_count/.zarray": "{\n    \"chunks\": [],\n    \"compressor\": null,\n    \"dtype\": \"<i4\",\n    \"fill_value\": -1,\n    \"filters\": null,\n    \"order\": \"C\",\n    \"shape\": [],\n    \"zarr_format\": 2\n}", "sea_surface_temp_outlier_pixel_count/.zattrs": "{\n    \"_ARRAY_DIMENSIONS\": [],\n    \"_FillValue\": -1,\n    \"cell_methods\": \"quantitative_local_zenith_angle: sum retrieval_solar_zenith_angle: sum t: sum area: sum (interval: 0.000056 rad comment: good quality pixels whose values are outside valid measurement range only) where sea\",\n    \"coordinates\": \"quantitative_local_zenith_angle retrieval_solar_zenith_angle t y_image x_image\",\n    \"grid_mapping\": \"goes_imager_projection\",\n    \"long_name\": \"number of sea surface temperature pixels whose value is outside valid measurement range\",\n    \"units\": \"count\"\n}", "sea_surface_temp_outlier_pixel_count/0": "base64:1FwaAA==", "standard_deviation_sea_surface_temp/.zarray": "{\n    \"chunks\": [],\n    \"compressor\": null,\n    \"dtype\": \"<f4\",\n    \"fill_value\": -999.0,\n    \"filters\": null,\n    \"order\": \"C\",\n    \"shape\": [],\n    \"zarr_format\": 2\n}", "standard_deviation_sea_surface_temp/.zattrs": "{\n    \"_ARRAY_DIMENSIONS\": [],\n    \"_FillValue\": -999.0,\n    \"cell_methods\": \"quantitative_local_zenith_angle: sum retrieval_solar_zenith_angle: sum t: sum area: standard_deviation (interval: 0.000056 rad comment: good quality pixels only) where sea\",\n    \"coordinates\": \"quantitative_local_zenith_angle retrieval_solar_zenith_angle t y_image x_image\",\n    \"grid_mapping\": \"goes_imager_projection\",\n    \"long_name\": \"standard deviation of sea surface temperature values\",\n    \"standard_name\": \"sea_surface_temperature\",\n    \"units\": \"K\"\n}", "standard_deviation_sea_surface_temp/0": "base64:MUaHQQ==", "std_dev_obs_modeled_diff_SST_night_only_emissive_band/.zarray": "{\n    \"chunks\": [],\n    \"compressor\": null,\n    \"dtype\": \"<f4\",\n    \"fill_value\": -999.0,\n    \"filters\": null,\n    \"order\": \"C\",\n    \"shape\": [],\n    \"zarr_format\": 2\n}", "std_dev_obs_modeled_diff_SST_night_only_emissive_band/.zattrs": "{\n    \"_ARRAY_DIMENSIONS\": [],\n    \"_FillValue\": -999.0,\n    \"cell_methods\": \"quantitative_local_zenith_angle: sum night_solar_zenith_angle: sum t: sum area: standard_deviation (interval: 0.000056 rad comment: good quality pixels only) where sea\",\n    \"coordinates\": \"quantitative_local_zenith_angle night_solar_zenith_angle SST_night_only_emissive_band_id SST_night_only_emissive_wavelength t y_image x_image\",\n    \"grid_mapping\": \"goes_imager_projection\",\n    \"long_name\": \"standard deviation of the difference of the observed and modeled brightness temperature (Joint Center for Satellite Data Assimilation Community Radiative Transfer Model using temporally interpolated NWP data as input) values for the night only emissive band central wavelength used in the generation of the sea surface temperature product\",\n    \"units\": \"K\"\n}", "std_dev_obs_modeled_diff_SST_night_only_emissive_band/0": "base64:18/gPg==", "std_dev_retrieved_Reynolds_SST_diff/.zarray": "{\n    \"chunks\": [],\n    \"compressor\": null,\n    \"dtype\": \"<f4\",\n    \"fill_value\": -999.0,\n    \"filters\": null,\n    \"order\": \"C\",\n    \"shape\": [],\n    \"zarr_format\": 2\n}", "std_dev_retrieved_Reynolds_SST_diff/.zattrs": "{\n    \"_ARRAY_DIMENSIONS\": [],\n    \"_FillValue\": -999.0,\n    \"cell_methods\": \"quantitative_local_zenith_angle: sum retrieval_solar_zenith_angle: sum t: sum area: standard_deviation (interval: 0.000056 rad comment: good quality pixels only) where sea\",\n    \"coordinates\": \"quantitative_local_zenith_angle retrieval_solar_zenith_angle t y_image x_image\",\n    \"grid_mapping\": \"goes_imager_projection\",\n    \"long_name\": \"standard_deviation of the difference of the retrieved SST and Reynolds real-time global SST analysis values used in the generation of the sea surface temperature product\",\n    \"units\": \"K\"\n}", "std_dev_retrieved_Reynolds_SST_diff/0": "base64:l/7JPg==", "t/.zarray": "{\n    \"chunks\": [],\n    \"compressor\": null,\n    \"dtype\": \"<f8\",\n    \"fill_value\": 9.969209968386869e+36,\n    \"filters\": null,\n    \"order\": \"C\",\n    \"shape\": [],\n    \"zarr_format\": 2\n}", "t/.zattrs": "{\n    \"_ARRAY_DIMENSIONS\": [],\n    \"axis\": \"T\",\n    \"bounds\": \"time_bounds\",\n    \"long_name\": \"J2000 epoch mid-point between the start and end image scan in seconds\",\n    \"standard_name\": \"time\",\n    \"units\": \"seconds since 2000-01-01 12:00:00\"\n}", "t/0": "base64:AaWnPkhZw0E=", "time_bounds/.zarray": "{\n    \"chunks\": [\n        2\n    ],\n    \"compressor\": null,\n    \"dtype\": \"<f8\",\n    \"fill_value\": 9.969209968386869e+36,\n    \"filters\": null,\n    \"order\": \"C\",\n    \"shape\": [\n        2\n    ],\n    \"zarr_format\": 2\n}", "time_bounds/.zattrs": "{\n    \"_ARRAY_DIMENSIONS\": [\n        \"number_of_time_bounds\"\n    ],\n    \"_Netcdf4Dimid\": 2,\n    \"long_name\": \"Scan start and end times in seconds since epoch (2000-01-01 12:00:00)\"\n}", "time_bounds/0": "base64:WKn2wURZw0GyoFi7S1nDQQ==", "total_number_of_degraded_quality_ocean_pixels/.zarray": "{\n    \"chunks\": [],\n    \"compressor\": null,\n    \"dtype\": \"<i4\",\n    \"fill_value\": -1,\n    \"filters\": null,\n    \"order\": \"C\",\n    \"shape\": [],\n    \"zarr_format\": 2\n}", "total_number_of_degraded_quality_ocean_pixels/.zattrs": "{\n    \"_ARRAY_DIMENSIONS\": [],\n    \"_FillValue\": -1,\n    \"cell_methods\": \"retrieval_local_zenith_angle: sum retrieval_solar_zenith_angle: sum t: sum area: sum (interval: 0.000056 rad comment: degraded quality pixels only) where sea\",\n    \"coordinates\": \"retrieval_local_zenith_angle retrieval_solar_zenith_angle t y_image x_image\",\n    \"grid_mapping\": \"goes_imager_projection\",\n    \"long_name\": \"number of degraded quality sea surface temperature pixels\",\n    \"units\": \"count\"\n}", "total_number_of_degraded_quality_ocean_pixels/0": "base64:P+YHAA==", "total_number_of_good_quality_ocean_pixels/.zarray": "{\n    \"chunks\": [],\n    \"compressor\": null,\n    \"dtype\": \"<i4\",\n    \"fill_value\": -1,\n    \"filters\": null,\n    \"order\": \"C\",\n    \"shape\": [],\n    \"zarr_format\": 2\n}", "total_number_of_good_quality_ocean_pixels/.zattrs": "{\n    \"_ARRAY_DIMENSIONS\": [],\n    \"_FillValue\": -1,\n    \"cell_methods\": \"quantitative_local_zenith_angle: sum retrieval_solar_zenith_angle: sum t: sum area: sum (interval: 0.000056 rad comment: good quality pixels only) where sea\",\n    \"coordinates\": \"quantitative_local_zenith_angle retrieval_solar_zenith_angle t y_image x_image\",\n    \"grid_mapping\": \"goes_imager_projection\",\n    \"long_name\": \"number of good quality sea surface temperature pixels\",\n    \"units\": \"count\"\n}", "total_number_of_good_quality_ocean_pixels/0": "base64:v69JAA==", "total_number_of_severely_degraded_quality_ocean_pixels/.zarray": "{\n    \"chunks\": [],\n    \"compressor\": null,\n    \"dtype\": \"<i4\",\n    \"fill_value\": -1,\n    \"filters\": null,\n    \"order\": \"C\",\n    \"shape\": [],\n    \"zarr_format\": 2\n}", "total_number_of_severely_degraded_quality_ocean_pixels/.zattrs": "{\n    \"_ARRAY_DIMENSIONS\": [],\n    \"_FillValue\": -1,\n    \"cell_methods\": \"retrieval_local_zenith_angle: sum retrieval_solar_zenith_angle: sum t: sum area: sum (interval: 0.000056 rad comment: severely degraded quality pixels only) where sea\",\n    \"coordinates\": \"retrieval_local_zenith_angle retrieval_solar_zenith_angle t y_image x_image\",\n    \"grid_mapping\": \"goes_imager_projection\",\n    \"long_name\": \"number of severely degraded quality sea surface temperature pixels\",\n    \"units\": \"count\"\n}", "total_number_of_severely_degraded_quality_ocean_pixels/0": "base64:iL2vAA==", "total_number_of_unprocessed_pixels/.zarray": "{\n    \"chunks\": [],\n    \"compressor\": null,\n    \"dtype\": \"<i4\",\n    \"fill_value\": -1,\n    \"filters\": null,\n    \"order\": \"C\",\n    \"shape\": [],\n    \"zarr_format\": 2\n}", "total_number_of_unprocessed_pixels/.zattrs": "{\n    \"_ARRAY_DIMENSIONS\": [],\n    \"_FillValue\": -1,\n    \"cell_methods\": \"retrieval_local_zenith_angle: sum retrieval_solar_zenith_angle: sum t: sum area: sum (interval: 0.000056 rad comment: invalid due to unprocessed pixels only)\",\n    \"coordinates\": \"retrieval_local_zenith_angle retrieval_solar_zenith_angle t y_image x_image\",\n    \"grid_mapping\": \"goes_imager_projection\",\n    \"long_name\": \"number of unprocessed pixels\",\n    \"units\": \"count\"\n}", "total_number_of_unprocessed_pixels/0": "base64:epW/AA==", "twilight_solar_zenith_angle/.zarray": "{\n    \"chunks\": [],\n    \"compressor\": null,\n    \"dtype\": \"<f4\",\n    \"fill_value\": 9.969209968386869e+36,\n    \"filters\": null,\n    \"order\": \"C\",\n    \"shape\": [],\n    \"zarr_format\": 2\n}", "twilight_solar_zenith_angle/.zattrs": "{\n    \"_ARRAY_DIMENSIONS\": [],\n    \"bounds\": \"twilight_solar_zenith_angle_bounds\",\n    \"long_name\": \"midpoint of the twilight region for the angle between the line of sight to the sun and the local zenith at the observation target\",\n    \"standard_name\": \"solar_zenith_angle\",\n    \"units\": \"degree\"\n}", "twilight_solar_zenith_angle/0": "base64:AACqQg==", "twilight_solar_zenith_angle_bounds/.zarray": "{\n    \"chunks\": [\n        2\n    ],\n    \"compressor\": null,\n    \"dtype\": \"<f4\",\n    \"fill_value\": 9.969209968386869e+36,\n    \"filters\": null,\n    \"order\": \"C\",\n    \"shape\": [\n        2\n    ],\n    \"zarr_format\": 2\n}", "twilight_solar_zenith_angle_bounds/.zattrs": "{\n    \"_ARRAY_DIMENSIONS\": [\n        \"number_of_SZA_bounds\"\n    ],\n    \"_Netcdf4Dimid\": 6,\n    \"long_name\": \"solar zenith angle degree range for the twilight region\"\n}", "twilight_solar_zenith_angle_bounds/0": "base64:AACqQgAAvkI=", "x/.zarray": "{\n    \"chunks\": [\n        5424\n    ],\n    \"compressor\": null,\n    \"dtype\": \"<i2\",\n    \"fill_value\": -32767,\n    \"filters\": null,\n    \"order\": \"C\",\n    \"shape\": [\n        5424\n    ],\n    \"zarr_format\": 2\n}", "x/.zattrs": "{\n    \"NAME\": \"x\",\n    \"_ARRAY_DIMENSIONS\": [\n        \"x\"\n    ],\n    \"_Netcdf4Dimid\": 1,\n    \"add_offset\": -0.15184399485588074,\n    \"axis\": \"X\",\n    \"long_name\": \"GOES fixed grid projection x-coordinate\",\n    \"scale_factor\": 5.6000000768108293e-05,\n    \"standard_name\": \"projection_x_coordinate\",\n    \"units\": \"rad\"\n}", "x/0": ["{{u}}", 30138538, 10848], "x_image/.zarray": "{\n    \"chunks\": [],\n    \"compressor\": null,\n    \"dtype\": \"<f4\",\n    \"fill_value\": 9.969209968386869e+36,\n    \"filters\": null,\n    \"order\": \"C\",\n    \"shape\": [],\n    \"zarr_format\": 2\n}", "x_image/.zattrs": "{\n    \"_ARRAY_DIMENSIONS\": [],\n    \"axis\": \"X\",\n    \"long_name\": \"GOES-R fixed grid projection x-coordinate center of image\",\n    \"standard_name\": \"projection_x_coordinate\",\n    \"units\": \"rad\"\n}", "x_image/0": "\u0000\u0000\u0000\u0000", "x_image_bounds/.zarray": "{\n    \"chunks\": [\n        2\n    ],\n    \"compressor\": null,\n    \"dtype\": \"<f4\",\n    \"fill_value\": 9.969209968386869e+36,\n    \"filters\": null,\n    \"order\": \"C\",\n    \"shape\": [\n        2\n    ],\n    \"zarr_format\": 2\n}", "x_image_bounds/.zattrs": "{\n    \"_ARRAY_DIMENSIONS\": [\n        \"number_of_image_bounds\"\n    ],\n    \"_Netcdf4Dimid\": 4,\n    \"long_name\": \"GOES-R fixed grid projection x-coordinate west/east extent of image\",\n    \"units\": \"rad\"\n}", "x_image_bounds/0": "base64:VYQbvlWEGz4=", "y/.zarray": "{\n    \"chunks\": [\n        5424\n    ],\n    \"compressor\": null,\n    \"dtype\": \"<i2\",\n    \"fill_value\": -32767,\n    \"filters\": null,\n    \"order\": \"C\",\n    \"shape\": [\n        5424\n    ],\n    \"zarr_format\": 2\n}", "y/.zattrs": "{\n    \"NAME\": \"y\",\n    \"_ARRAY_DIMENSIONS\": [\n        \"y\"\n    ],\n    \"_Netcdf4Dimid\": 0,\n    \"add_offset\": 0.15184399485588074,\n    \"axis\": \"Y\",\n    \"long_name\": \"GOES fixed grid projection y-coordinate\",\n    \"scale_factor\": -5.6000000768108293e-05,\n    \"standard_name\": \"projection_y_coordinate\",\n    \"units\": \"rad\"\n}", "y/0": ["{{u}}", 30125130, 10848], "y_image/.zarray": "{\n    \"chunks\": [],\n    \"compressor\": null,\n    \"dtype\": \"<f4\",\n    \"fill_value\": 9.969209968386869e+36,\n    \"filters\": null,\n    \"order\": \"C\",\n    \"shape\": [],\n    \"zarr_format\": 2\n}", "y_image/.zattrs": "{\n    \"_ARRAY_DIMENSIONS\": [],\n    \"axis\": \"Y\",\n    \"long_name\": \"GOES-R fixed grid projection y-coordinate center of image\",\n    \"standard_name\": \"projection_y_coordinate\",\n    \"units\": \"rad\"\n}", "y_image/0": "\u0000\u0000\u0000\u0000", "y_image_bounds/.zarray": "{\n    \"chunks\": [\n        2\n    ],\n    \"compressor\": null,\n    \"dtype\": \"<f4\",\n    \"fill_value\": 9.969209968386869e+36,\n    \"filters\": null,\n    \"order\": \"C\",\n    \"shape\": [\n        2\n    ],\n    \"zarr_format\": 2\n}", "y_image_bounds/.zattrs": "{\n    \"_ARRAY_DIMENSIONS\": [\n        \"number_of_image_bounds\"\n    ],\n    \"_Netcdf4Dimid\": 4,\n    \"long_name\": \"GOES-R fixed grid projection y-coordinate north/south extent of image\",\n    \"units\": \"rad\"\n}", "y_image_bounds/0": "base64:VYQbPlWEG74="}}